{"file_hashes":[{"block_hashes":["Z9jrtypPhieINzBz27fBLtVlTLFP5pYcpLrvTkhrlJg=","+pZmGOxxVjX7tRcry5oZQMU0ndHk9x+rg6XPIg3Kg74=","Uuo7V02+F6sMVQ/wZpkMSG9ouGT4qZUTB6qWY1VcdUY=","x83RHrE0kV4LSA81Bx48EtH9XmCBYRvnVRGMJef5trw=","jFtU0FLmK8N8WKyFTcqGRcFzir3rmNZ+hCIFlMARfp8=","Rpuryq3bNFZG8UfjigGYD6f7FpR7p+zJpM4wKzzHBCs=","XJDAfR+C/jElhVMqGl4BcV6FgWx1IpEf721+RRep/kU=","XhUReLojD+nb/8oRQycKn3GEuQw+BETCxk+q7Q55y5A=","LvuRKIMtRYkUvLgCyHKWm4WjWsdd+dDdSJD6Sg1Iucs=","TMwMo/rawnA/jfWOcISbGt+Q+iqBByD5iE4EBSY0Zro=","Y8V4JcmHsQhlUkWLx1Cz2Nmp75GbZ+Lfz1+YfUzKpLU=","OlQKdmhsAg2KpuS9yvwGG5ADtH3G3PbF5xDmlN+OKGA=","GNWOuDOlTKs6Rxfu1JLvOYMbQO1G0SdKsUHFdzXTT+0=","eceWtRe4mUgnAd90ge3rk2BAKgFNXSSdO+K5UH8M+rc=","V/K/000J4PeTSAaoAevXKXkTXMTHCRczv3HwdoGpdkY=","GMPTfdCl4ygzeBnN18/jbyZo3y+rhFGPsrDCmYDJEic=","sDdca/k+HiFS8953O0HEs7RqN7zqI1NmeWeMuw2EVO4=","mjLmWNKwJFctG4LgZXWMHeR9LCekqTGpNOD74ojndvo=","/CQPNeAxTHYX6Kt5nNR0+h9Dyso6khTgrFXMX75rjyQ=","bU4CXc9rVu/2IcN70K2hp30X1Nr/YmINRRKhsfR0NHU=","uOPluwRCrMYeQ0Wu81VvnNX3WAvLhPf7i1Q5xR0j9Xk=","GnNFSbXbribIMHgg5iiq77TDCxFgrkZiguzX7uL2C9I=","vOGH6pvafJXIReFngvQMGdAoLAW+OvDznSXd3P9RGGU=","dcPTwbftrF4dT+UPYPKHxv7ITky4/LXQI9+ayp/Hu7A=","t5jT0qcnw7GMggbEOgk13CZldIjwfkyKixpMGdI6hFM=","jNluA5C+oArB0Ytf3BDZnXZHKAJgpVT2sit2+6jxHJ8=","/b2RBC4i7vUO2GLqKr/FD58SHI4UM380udl/pbG6t3A=","eILMPx5iO5Z8xs+3j3rcYH+DwInM4qR0D/sBcl7A91M=","dou+yAR4Hol9ZvoNO8CeyN1fWbgUnKdWbb544PQFITY=","6vQ3Pnc9QVp/rXK80gXIYnmesAmziGpMLda1IrLH+eY=","/A/cmeEEowQSFeBkEySjnMXz3BO+/6XY/BwMXgqWGkM=","alZ10bITqIYcjp2G/ikB9kdQ5sYwW5a18QRdrF5WySI=","HyIl9TzOlC2D+Lzy5MviQc1VB6HmbXs4iJZb33AsZjk=","/gAPR0ceP7BP/H46I5E4TlEsMUwpUZJgF0TnAtlAqLk=","pMclyjrekTBW+gFFcSopcEB+yBtmJh2QB0GhQA4g6/E=","6/j96wpzMKnVdy+yhMl0wZ+kSVhrfwJOjJHWL0YsrAE=","LT0X4gW6DIfTQQ0PGGqcBUCaZ+aU2jxXgi0UbdoqNUY=","WaXO4tlrg+qqQryAMBOU78V1XGCAIQTYB3hgwvsVktM=","65Q0vu7SgnMR60DgDgclmr8jJHZ2doQjWqqy4GqlEmM=","shblhoOZD8+SWyvMUefFPCIQEng8kKLQn4xtPJf60fA=","n0tuXNPKxO/fAW0ub3t8c3tTskbsp3GbzCSw/lY6+aY=","k49e8zUSuzaSLXkaakXdXo6YCeWerSyItYm/qahBVXc=","WtMY6iWpS2rKHwL9F9nZQ7fXoviHxkkPgAekN6BetOo=","sOicjfuPVN+zHSxRG4TnzxJGCTx0U7K68rME7f5UQOI=","KNMV2w9thnsI1S59s740++ZcH4xHk6kj5Pi6jLdiEHk=","Um+9cK1Qvgqo/6tb28GqmizrB44WXspG2OiNF1FU6ss=","KcW5tuz0vLZwxfJGB/Dws1tko6lDHZTRYxIs2d3mkC4=","xwWtweMyoLMpzbm++pM4DbPa5VUjQ6hBCIjUoqFtd/w=","TGkW7OyWNb/5IiiqI4nS8bF/Wp1UdBVa4dYlSBBoPzA=","QpJNPhZF0KYEdkk2Bf9PWuw68S15DcNSsHkaASEJ+VM=","Uie2Hd13/Did5pKwMCSyAQTzNVE2sFAHA2f0i8mb1bo=","xVLfzhlAH86HtYNG8FQkOrIZnXTMY2YQKpgbOovdqGU=","SKWuezULOlmysEFwqsYsh8VMx6yTMp3uxMAq2PmT3NU=","RvQCAJ4sRdzql6YrvSlBSgrs4QtHeT68Kgsj4iuYeiU="],"block_size":4096,"path":"3rdpartylicenses.txt"},{"block_hashes":["D3rCHLvCPuEtKviBjuuUCe9Um4k3iBWcAbEJodFaEoE=","N5Pk1kZ9kXLNs4LcXXsnhi1fJ+7Ej9CGDSgtaZ9PJtE=","0KHx5T5nQEc1DzVnFopSd24U0zAeL5OkFsq2ERbKav4=","qUCp0xsZaGYDZFcDFhweSJplmVGE/uWyjljfdXRUBGQ=","wS2CMSMwPJvNashbRzUqlGh6+j+iNQmCH5w5zmYgcv0=","C0Y5fYx86XpBa372fYSZx6RMUPtRx/vEUvaa5JQfMR8=","/vRomWqPYPY6FD89F5Exw9by20Sp5Ng7VYKX41lAjys=","NleKJDx4/YR6UErxQgyMwj0oTpi1IBhdg7eVSjZOn5A=","mz/G9NqNUkK8qZZBFoueRqDkGa2Y7CnIRVoji/CWctg=","IiouOt4XWN7tvZjUb+gUK2mVEZtWPGF/Vuvjqw5WyvM=","LGWwEw1binHeww6bO0id70DwikmljLVnfud9ctylFK8=","U03x6Kp002glwPkLqLxRf0qtpFiPyUMlZ1Sx3EUhY1s=","OQ9eql3Sctx4fEJ/zsEaN/XR7l/Bfbk0lmfqPlOQc8c=","VnhKkV4VLQiYGgcpQ+da2sFiGxq832a2nIIhwVyboxs=","Eluh6h4mnH/rePaxl+YHXzAIvRRsLmNaBdSWteI5NNQ=","Ol+h4slQn3xv8lFtmQw0qitvVC8OC3o4xpTX8u+WEYw=","zt6vMguJua5BLlTY+risOfdTg0lkPC/wOLYdIOJrUOY=","EnrIF6rDpOSDHY4jN4mfrNx64NVHeiOAyAAiiDT5F0o=","7yAKyCczdFYGGGqCvha/HVVSkWVG/okwyUouE4G6zR8=","6Yo6tm0nSaiwVyBaxbHoXzLbOY2NtmPLP4IryeyM3Qo=","3WyWBsdpgoMJaV6poO5qhTCPrHb8j7g9xp14tnq/auk=","NRBsfmkZ2NqjMwNPP7jnrtOX0pXKCafT7PLFa1gYZlU=","RfljdHe86ztTX6AMB58uZ55tG9Pe2QrWubo08oUCGko=","8c/dmHhokB7rdz+ZodspQYNgqgy9VFI1+eBnPSLgTQc=","X+XHwW/v5ChrMSqDSRlvTkWivq9yVc8IJ4olwlfmdC4=","OfKOzNMgoqsqCY62BLOVZVtHVQ137HzHi4eQR7MGg8A=","dwd3Gzw/LbdWuPUxrB8r7k8dgV3r4iO4BdJtXtROlfA=","LdXtT2MopwfBYdICx0/lZlgb3vcurWGKLKON5L5ooTc=","3jb9hCj4ExAnBNeo+GyoiEeg6LCGJfpztwPdRifT4cc=","uXnKwrMs7ZIePhrUlP+UzxqbIRedMAP0akuL6OP1/jw=","NUWdwFwPEZBrOFyy0jm2pHGJ70mhXlk6J25jYmqUOhE=","HUXt2+wF39T4eS//nNKKAWh9c1eb0X8LdMGMjEVv4Hs="],"block_size":4096,"path":"assets/config/config.dev.json"},{"block_hashes":["vIlf2Iv2Yxrq0z75Mf8Vpw7c0ya9m7kRSWL22M8eYsM=","WdTyZjGS5+qIB9VmvEJtfEZmYSXF20MBW1eLcg7ubhw=","riUh77JDoMHQbboxcmc8kymsT4AGgHBUMqKBlL0kWiI=","Osl10VlqTSL2ywoq07G41RxQzIKyBh86agchmAhcO0U=","HShyqhz+BSG7A8LkgjPzLnZU9eTHNBV//Cousj8yBTk=","kMc2n1fIYKPROEYQLUEDxkVv1haKHZXar7MEzMw5Wds=","ywH8tswGstoHZvYQD9pyit6ASArGHb52jB5GqYlbebA=","9i6r0ZgMQO4ROQl8YkG2q66MbGmy8ivBg0YNvSjOeQM=","XHMORAYbTI/uMIi9MNwlVytf/q8N7v2BRVyLusVPoz0=","V5bWTGc+0pghQ9U5Gl7HspurrwxFgHfbml+MGFlfuWE=","TdjWBTT1hsUINMTncLurxQ83MRijd5hdztwIZzhe8u8=","DuOozkXUMGby41mTOo1/O6KIie2cbVOD5uLcOFGQQJ0=","oOGkcwAuF/7yWH4SM1zGjrQJyUozeH0avxYKvy5izqA=","G4Xbb+F+USyHRyT2ghEtkDwlTFSXbqi+vmOCzM308QA=","Zlmgrw2NP8j74rqOp81pdYX7Px6EqHhHID1tMSqQQ4w=","k2AaXIoahIESl5VR9obK+Yxsz308a97qAUVteuxsIgI=","ALXx+FgSWQADKw2ZtZIXns7M13PxbSKMuK8B0wFyCRk=","Wy39f9LYeXaSLNPOEjfwFzl2zBgcZUMQrW3wiN07EGY=","ZHquD5FBdPBSOKy1Xr4Y9IqM/zuHzz4NhAEj8Ff73nI=","4yz25dtB+XH3N7wJmfdlzxapIKQvteQY5EAO9u6raLw=","GFEDGrnSsXPuB+lWSPL8pT3nFcWqTb9SfIJq/JoOV3s=","+5tQxEbA+OkSuBfT3YtEE7NnncigB+tKtHo1BSiGCDo=","iEp1ATilWcAi4Yjf308CcYUly1TamYSkl0EskvuXu8M=","wYf4AVzPckOs3r0WiLjwrgGW/HSIIMCPEp6LXtrLU6k=","PFMkm7ctEI4dUiGqN84sxck7qfHb1ousuS/vKh77Zak=","PXMiVQ2TJF3l4sOOC+1ouUiivafWmUntSnPxdpL2WYA=","34BgQ+VrMxsOveVVBLiX76B4uHXyB0FkpI1+VV3uyxg=","8Kzeu3X8CxJintKs1IPinxam4ec/p2gJWXtE5jiZAcQ=","7RwVw0PwzCcx2NxGOJbv206dBIcrqQ1Gw54Xk5fJZWQ=","ND1z1rV5rcKdtqcqwlmx2EibX1STKAd4K0HDZYec4tY=","CArelicWRwAepm5x09ot0PX6Wp3DAKq8Cd6B+Uqg1O8=","nP08ycJEjWYdi8J0WmfL6ab+CbbIkJkKJ2X910A5Z40="],"block_size":4096,"path":"assets/config/config.prod.json"},{"block_hashes":["qeo+npsw5hu4jUyLKEbEmvecrk/OaZZYzYR02Yrgtls="],"block_size":4096,"path":"assets/config/globals.json"},{"block_hashes":["LWszWJnAbh2V3AN3lEk8o4gS7hMRQgBHQpgMkWL7qQI="],"block_size":4096,"path":"assets/config/index.js"},{"block_hashes":["CakZILc8/cv2Vz8HvVF9Q7m+Q4rLXSrve1Jyw7K4eBk="],"block_size":4096,"path":"assets/i18n/de.json"},{"block_hashes":["jPF1gut8CEHjiDi4Hu+/RqcNsMUKZIqSwFxs9Oqr4QE="],"block_size":4096,"path":"assets/i18n/en.json"},{"block_hashes":["YiAeiHJY/moyCQJYjAIjDbRuued2aMz+Lly4Yadke34="],"block_size":4096,"path":"assets/i18n/fr.json"},{"block_hashes":["pW9LJU15iTjkDWxgwYqz2no8fVWKunyL6MMN5VU4wN4="],"block_size":4096,"path":"assets/i18n/it.json"},{"block_hashes":["bzEYNgfamL5wYiHP/4hTx4V3DfNH3HQReJz4Q8wghTo="],"block_size":4096,"path":"assets/i18n/pl.json"},{"block_hashes":["mBZ8/tfV0Dm1pFDD4TXlBN+vA6vQqkKuoxk13JpLIHc="],"block_size":4096,"path":"assets/i18n/ro.json"},{"block_hashes":["x0AhugbxWdiKjR1hUd750j48xQaCTiQck3/8Af0L4/Y="],"block_size":4096,"path":"assets/i18n/ru.json"},{"block_hashes":["MJOtvY+EClXciaV2L0aTF1OeoGj+Nfubp3bJX+UCeJQ="],"block_size":4096,"path":"assets/i18n/yi.json"},{"block_hashes":["58g4m28PAUHvlQHjnoPEN2tFLB8WsotxvAMjCluWxwA=","diF4P/P5WoEPC44U2U6xEN2g6MktVn+4NOIxDynqvgw="],"block_size":4096,"path":"assets/images/cg-128.png"},{"block_hashes":["PUOnE4UitnndPoDw9O/W9GkTTsdRTtk/DJ2xIxR3ZpI="],"block_size":4096,"path":"assets/images/cg-16.png"},{"block_hashes":["36JBuh04SSZBJCy5KpOIntELRSWCZqG8gDzqyExpDQQ="],"block_size":4096,"path":"assets/images/cg-48.png"},{"block_hashes":["QJ3E2X/pKgOBxgXvnBlWQutU/4iX+0idKGiazZ358o0=","fE9a2O729eoLqjviun/0oSVLdVDs0u70t8xqunwm6Kg=","xFnFM3jX0eTX/5/P1vhjv4izLgXNZX0OkSEEJSAsDUU=","uFEJ/ucLBeGbPno8rZr3nMP2BKvuSfvZb/igx8zMJD4=","AB8lG7pXzcXWiKXkGtmaX32BELCDxfbIogtmHFTWakA="],"block_size":4096,"path":"assets/images/cg-64.png"},{"block_hashes":["yBxYxQ0CunNW44Ms3GDT+vGUwWaXkSeytysc6/myGkQ="],"block_size":4096,"path":"assets/images/cyberghost_disabled.png"},{"block_hashes":["laMsdwW+Hfua+9dOY+Mdp5q7xA5w5yNfgj5b19jiyRs="],"block_size":4096,"path":"assets/images/flags/24/ad.png"},{"block_hashes":["uK+eWVlahzurF3TI82qJO3CWSFdCy0RDUJ2E0UFCn0s="],"block_size":4096,"path":"assets/images/flags/24/ae.png"},{"block_hashes":["OCIpTezy8pLelctCThH214ZULu0Z7JP2vNNAvzY9NX8="],"block_size":4096,"path":"assets/images/flags/24/af.png"},{"block_hashes":["b12uWp0gQMEpTzYy8xJEM41JL1k5EDMlCuMtvUvcqvA="],"block_size":4096,"path":"assets/images/flags/24/ag.png"},{"block_hashes":["kFl23Jd2DjXhCc8K0x5l86Tls3vzqOwwBGJmY+ubDC4="],"block_size":4096,"path":"assets/images/flags/24/ai.png"},{"block_hashes":["SpvfjM7xd6SSj2O+joYSxZfm8SBE4n805Mde+Sg9B8Y="],"block_size":4096,"path":"assets/images/flags/24/al.png"},{"block_hashes":["9x+lRErzEhW8UpuCDr60ShvF/wB0hqZrpVlCqbswCoo="],"block_size":4096,"path":"assets/images/flags/24/am.png"},{"block_hashes":["a1q6eUQFdBfa6VFkaIuV5oOcmDKuxt30J3Y6YgvK6FY="],"block_size":4096,"path":"assets/images/flags/24/an.png"},{"block_hashes":["ntmFWTT/ETne7DsllWk2c96Wrbb0wiQcVroWtY/PtBY="],"block_size":4096,"path":"assets/images/flags/24/ao.png"},{"block_hashes":["WxmrKqXyFrxqV+aDhC+rRbAAHTBZ3ntIZJMU9I5qxq0="],"block_size":4096,"path":"assets/images/flags/24/aq.png"},{"block_hashes":["bjQZ6fYttbBnTY+PEnmRXRKJo1JzFbrjxp44n26jzHY="],"block_size":4096,"path":"assets/images/flags/24/ar.png"},{"block_hashes":["UzouHz73N4pRLOH4/up4view/krG03LXAM3xWwRvpm8="],"block_size":4096,"path":"assets/images/flags/24/as.png"},{"block_hashes":["fg+OX/cNJR1Hh43s34RtISVJD34Zn4bdjVJm6lQDWq8="],"block_size":4096,"path":"assets/images/flags/24/at.png"},{"block_hashes":["JXsKrKZJQE0ptKkt6IYh28Qn9sY+rH0V8IhZyWDXbkc="],"block_size":4096,"path":"assets/images/flags/24/au.png"},{"block_hashes":["RVzK/AbCFGqFYwznow2caVT1s19yroLoKtV8+WGdXL4="],"block_size":4096,"path":"assets/images/flags/24/aw.png"},{"block_hashes":["Ru9SKe0cP1pOXZ36Kac9eQFlzA1Msv7DW4WjCm2Zepw="],"block_size":4096,"path":"assets/images/flags/24/ax.png"},{"block_hashes":["8Tz1I58HH/o1yRB3xXjykujbIG/HusWOOM6g6gVH1uU="],"block_size":4096,"path":"assets/images/flags/24/az.png"},{"block_hashes":["Qab4o7GgVs3e/wQ8VXhAEO3KEnXQiIoMXRagfga4kCI="],"block_size":4096,"path":"assets/images/flags/24/ba.png"},{"block_hashes":["/srCyAd69VCgrbi3Am0rBCAN47lX3akXs8pDc7FcXEY="],"block_size":4096,"path":"assets/images/flags/24/bb.png"},{"block_hashes":["JJArKyUPOVXWfCmNZ4B0zlp8tdAa1WESokwRCj1z9VM="],"block_size":4096,"path":"assets/images/flags/24/bd.png"},{"block_hashes":["B6u/JUNjhhc8cLjpP9TOf7NO0q/tPo/igRzlU8M6lvY="],"block_size":4096,"path":"assets/images/flags/24/be.png"},{"block_hashes":["TiQrS9M1b7xfWkA61jgeBzdT70DhwMkTXKbpjzbqWa0="],"block_size":4096,"path":"assets/images/flags/24/bf.png"},{"block_hashes":["beStgSfw3tWaDvMZ7dOj53c647dbA7EmcgCasIc9R/o="],"block_size":4096,"path":"assets/images/flags/24/bg.png"},{"block_hashes":["hW2FzfX0puRCkb9XVx/cUJ8vH8Ovpa2jhBuqtvR/8Fs="],"block_size":4096,"path":"assets/images/flags/24/bh.png"},{"block_hashes":["liVLz2ADj/1/EyAjCCVNg6KpIsJcv6fycwcZkXQ7gfQ="],"block_size":4096,"path":"assets/images/flags/24/bi.png"},{"block_hashes":["+SGQ5djlj7blxyQPFgr8pvpZUmBS+DS3k/Zisa003ZY="],"block_size":4096,"path":"assets/images/flags/24/bj.png"},{"block_hashes":["E9MhD8p848tK9gMir/+MaPTQko6lrO7kkzQV8MlCvLA="],"block_size":4096,"path":"assets/images/flags/24/bl.png"},{"block_hashes":["BZ2CCij7bpbt2Ffk2bMxrD7obBP5sSbEZOz5UBGAMOo="],"block_size":4096,"path":"assets/images/flags/24/bm.png"},{"block_hashes":["aL5mReSlhQ+fpHrCIgzyXvbjGzBtikt08x6mSZvsguU="],"block_size":4096,"path":"assets/images/flags/24/bn.png"},{"block_hashes":["dX8xCY+Q59s4Piuky0wC7wkDkQ3MLCgyM4I18YGWQJ4="],"block_size":4096,"path":"assets/images/flags/24/bo.png"},{"block_hashes":["GhPbsVSvMVLRbfHfS/+BjfrwnjGeVL65s6IAK3j8OtU="],"block_size":4096,"path":"assets/images/flags/24/br.png"},{"block_hashes":["mof98MNd5brq2y8r8ghnMi0mgbNsm0H3PfbXLVVNptk="],"block_size":4096,"path":"assets/images/flags/24/bs.png"},{"block_hashes":["a1qT+QoKkFU0KWwetnorTPVyU/L5nZRpWKr2CyvQN+E="],"block_size":4096,"path":"assets/images/flags/24/bt.png"},{"block_hashes":["/0fUnwXRAwLxSSbKXQVyuVGOS2LrY8yrECcRQ5CKJds="],"block_size":4096,"path":"assets/images/flags/24/bv.png"},{"block_hashes":["gWt2OaxVwzxCGJmmf9wk6nLA93R2jc/KVI/OeOmKRHQ="],"block_size":4096,"path":"assets/images/flags/24/bw.png"},{"block_hashes":["ip1w6EH2PF+QnRmATys0gAYP8rdPFjHk86Blff6aGrU="],"block_size":4096,"path":"assets/images/flags/24/by.png"},{"block_hashes":["sX845VNgIKNr3MZaydpRn6quHe1eUEpRWYN0R76uJtg="],"block_size":4096,"path":"assets/images/flags/24/bz.png"},{"block_hashes":["qAoY+x0ta9siZeCeySrHyeNW13RQNoAPwg1KL+x8Ud8="],"block_size":4096,"path":"assets/images/flags/24/ca.png"},{"block_hashes":["rsujqCrVfNpjQefHwSHs6v6LuiESCVYy16TPNPg8wLs="],"block_size":4096,"path":"assets/images/flags/24/cc.png"},{"block_hashes":["ocSNMs/6eXQ1o9OjcT25m01gOSsup4VJT6Gi3An/Mc4="],"block_size":4096,"path":"assets/images/flags/24/cd.png"},{"block_hashes":["zx5jl/tzC7TrsOCD9P8jMxgrBdLu5s0FJit+HrbPM84="],"block_size":4096,"path":"assets/images/flags/24/cf.png"},{"block_hashes":["6dcJeH1lwPN1iNmZok7Dm+Z6rwpWadkdpJHrc7hm4uM="],"block_size":4096,"path":"assets/images/flags/24/cg.png"},{"block_hashes":["PJ54JPur6obv0VM8wAIv5O1mperEjtUE6jzLnt72r44="],"block_size":4096,"path":"assets/images/flags/24/ch.png"},{"block_hashes":["ATnbdcgTSSDLLWib5irijrmojSPDpJetLDbo78ONalk="],"block_size":4096,"path":"assets/images/flags/24/ci.png"},{"block_hashes":["s4es6Ddj+lT7XNftcZbs5/wJ/HdPa3bRDYou1zG21dA="],"block_size":4096,"path":"assets/images/flags/24/ck.png"},{"block_hashes":["13cq9ddbMoVpui1K5/7fJwcfsb4f426vUTa9g03qQpE="],"block_size":4096,"path":"assets/images/flags/24/cl.png"},{"block_hashes":["FUreEXnVRcSSgX5c4AVvVPrHp6nfoxBvYHWHcdzdzu8="],"block_size":4096,"path":"assets/images/flags/24/cm.png"},{"block_hashes":["hw+wDEzfiT/7FRNZhGcPDJatBghMPqDf131RC1vI9Aw="],"block_size":4096,"path":"assets/images/flags/24/cn.png"},{"block_hashes":["UjhoTfKk7t/pEj34SZA7VLzX0aKEwD+zxyoq9AWtvbg="],"block_size":4096,"path":"assets/images/flags/24/co.png"},{"block_hashes":["FRLVD3kDxMbJy/LXmRc+H+sb9nQ1cYSMS4E467LjlW4="],"block_size":4096,"path":"assets/images/flags/24/cr.png"},{"block_hashes":["LU6VAsZTwCsgBwAGt3CTjGGhgpLG1QGnpUan2pn822Q="],"block_size":4096,"path":"assets/images/flags/24/cu.png"},{"block_hashes":["PkBZ5Ham84b7n/ruA4azNTiqyEUFwPX417/Mo8fCGEs="],"block_size":4096,"path":"assets/images/flags/24/cv.png"},{"block_hashes":["HGMloSjFXCov8+RzGChA/b6s2Ky7mfRNHC87xhedKDY="],"block_size":4096,"path":"assets/images/flags/24/cw.png"},{"block_hashes":["t3lEQbnHFKcpp7egRxAdHsTKKoyA7h9vddT2kT8+SeY="],"block_size":4096,"path":"assets/images/flags/24/cx.png"},{"block_hashes":["6BIkjpV45MJCKeeiqHqpovmaysefEp2AkyIQHP7+CrI="],"block_size":4096,"path":"assets/images/flags/24/cy.png"},{"block_hashes":["zNyzh5lsJDIWfmUfDFwmmSeqnmRGuB2zGBPbWqHWvpw="],"block_size":4096,"path":"assets/images/flags/24/cz.png"},{"block_hashes":["VWJwg8ayDyyzSkU5JNgSbaNJBhUXrvU2NJsCAX9/MhU="],"block_size":4096,"path":"assets/images/flags/24/de.png"},{"block_hashes":["P4H/seV+z+ElzWEeTDOuQm8QSG0FuvwNOJfgFvk2rfs="],"block_size":4096,"path":"assets/images/flags/24/dj.png"},{"block_hashes":["Cas2vwc5qKOicgZSXDHz9bBTv9OJwXV4E/hMCW7ucSc="],"block_size":4096,"path":"assets/images/flags/24/dk.png"},{"block_hashes":["L+RSlp5SScN81Z0oOWFDx+TaijWYswPttHEDKrZ1lo8="],"block_size":4096,"path":"assets/images/flags/24/dm.png"},{"block_hashes":["1h+lRfba+l1TphXu8LecLhRvwqJcbaEzjb68dA+HRMk="],"block_size":4096,"path":"assets/images/flags/24/do.png"},{"block_hashes":["wnWM5GBTLeQ/Kd3JoR8usjClJR5j2GdueAefBJCiZxI="],"block_size":4096,"path":"assets/images/flags/24/dz.png"},{"block_hashes":["IKDT3c61axrqEF5wE1Wj1JPi457Mez89IQYAqj2pw7E="],"block_size":4096,"path":"assets/images/flags/24/ec.png"},{"block_hashes":["3T7Gg3KttDOYwT7E/9XvB2F8EAF++pT3WNiAnOFmcbo="],"block_size":4096,"path":"assets/images/flags/24/ee.png"},{"block_hashes":["mhqqxq+j7ZzUTsbHCjNa/QZ1W5IFkTAyWmCGtwPbrzU="],"block_size":4096,"path":"assets/images/flags/24/eg.png"},{"block_hashes":["CfZ1RSW6j7lJ5lhqFeh0uOq3dhG0uBgubpF6ooCMdb0="],"block_size":4096,"path":"assets/images/flags/24/eh.png"},{"block_hashes":["mT62mQoVLgUvh/Ggnea+ATGV81dlR6oCdjyRS1o81rM="],"block_size":4096,"path":"assets/images/flags/24/en.png"},{"block_hashes":["nyM/g+GTApQyP6zS1oHUXWDgxvhph7iWpfodIgC9X0o="],"block_size":4096,"path":"assets/images/flags/24/er.png"},{"block_hashes":["wOR5qviRru5oT7No2pASmuGS90nzyut2dpHZwEMKGSk="],"block_size":4096,"path":"assets/images/flags/24/es.png"},{"block_hashes":["Y/E2SUkodV3XcepzNTtn8yEH6fVQIBRh/tPrL17GaEk="],"block_size":4096,"path":"assets/images/flags/24/et.png"},{"block_hashes":["hukeLOyG4Z7XiulqB0KpoKdsD56hsV+V9O58DoGlwRI="],"block_size":4096,"path":"assets/images/flags/24/fi.png"},{"block_hashes":["m4Qv4G2Db6SD7Mp+ZTBO9gmBbFeMAx6DknCnGXPIUe4="],"block_size":4096,"path":"assets/images/flags/24/fj.png"},{"block_hashes":["JEtMF2quvHFKyKFsU4bpCY25aTfNgnxP8eIy9it+3UM="],"block_size":4096,"path":"assets/images/flags/24/fk.png"},{"block_hashes":["kcpeMli4MM2RtcbF6S9z1ahg30f7la2PMMvALfbKmfU="],"block_size":4096,"path":"assets/images/flags/24/fm.png"},{"block_hashes":["NxAFWw5vE3T7sstFAXonanOzBI0DZs1z1AwSFGIZB7A="],"block_size":4096,"path":"assets/images/flags/24/fo.png"},{"block_hashes":["CvKZhuaDy9+NNln/4leloktBMbSKTvxomuzhFWRwHmY="],"block_size":4096,"path":"assets/images/flags/24/fr.png"},{"block_hashes":["NSHlejdmNuOX251G8BrUcEwAhnRyVsq9pTAa6Eof7Do="],"block_size":4096,"path":"assets/images/flags/24/ga.png"},{"block_hashes":["2i0nvefBNRX4xTw00k09k+9CambaML7rvnzjnKHEFKY="],"block_size":4096,"path":"assets/images/flags/24/gb.png"},{"block_hashes":["XuGLTXzia/PRZ9SRwWLlKyV4F+NQzN45lr78+T3BpnQ="],"block_size":4096,"path":"assets/images/flags/24/gd.png"},{"block_hashes":["DbEt7CZx+HzOMOV4SnWELF6cOYBu1FVvhx++mjRmt/g="],"block_size":4096,"path":"assets/images/flags/24/ge.png"},{"block_hashes":["acR6nReks+ZYuYoZWok33idu/U8cT+yycGlZjdxzaEc="],"block_size":4096,"path":"assets/images/flags/24/gf.png"},{"block_hashes":["zJgJ9mKs8ixmPOkFReSuTxvVDWIjqpgt6vhRK4o8sVk="],"block_size":4096,"path":"assets/images/flags/24/gg.png"},{"block_hashes":["PTwXMvYGtI1qIMswITCuLhKWU0U3inV4NTZZOctCnSs="],"block_size":4096,"path":"assets/images/flags/24/gh.png"},{"block_hashes":["E2TdRzcw8JCF7pA81CR5js4hNzva/5DGRkZAyiDaAos="],"block_size":4096,"path":"assets/images/flags/24/gi.png"},{"block_hashes":["tCoAKURJEBKEaFK1aef56WwZ57cS/jV3VRK+CsENpkA="],"block_size":4096,"path":"assets/images/flags/24/gl.png"},{"block_hashes":["Z+dkn44vj0IfrlS7yT7vy/HeyzdAf++warwOXmEXC4s="],"block_size":4096,"path":"assets/images/flags/24/gm.png"},{"block_hashes":["N8vk80AJm3j30vcPm2Vym6iTwzH/Q1aPyBcgFzALBjc="],"block_size":4096,"path":"assets/images/flags/24/gn.png"},{"block_hashes":["OZC2UrMaWEkBGAQQ16jhgnsAzYyLLsFr3JFgkZRfdUw="],"block_size":4096,"path":"assets/images/flags/24/gp.png"},{"block_hashes":["D+0QzUqgfcVcsr/otufZO4Ek62Cpke9iQPPnLyGk4yM="],"block_size":4096,"path":"assets/images/flags/24/gq.png"},{"block_hashes":["jKAisPEGcskEJ25dIzzZgDIp6Rxlouln8sFxxDpP67c="],"block_size":4096,"path":"assets/images/flags/24/gr.png"},{"block_hashes":["ZBsGKFGEQXIg3G3MIXNnmzlxas7ITUEZtbXsWpa3BMs="],"block_size":4096,"path":"assets/images/flags/24/gs.png"},{"block_hashes":["p5WAagRcOLlNIXDxhIqOIXtRs3eK3mg95vyc4kqFR6I="],"block_size":4096,"path":"assets/images/flags/24/gt.png"},{"block_hashes":["FZUQSDUw0JrdS3XWM55zFEVBjDOiJZGIFVzy7GWKZrc="],"block_size":4096,"path":"assets/images/flags/24/gu.png"},{"block_hashes":["OFYcuowxPLJCGQSm7XXebyIXgZvOgAICSp0DhLTL+fc="],"block_size":4096,"path":"assets/images/flags/24/gw.png"},{"block_hashes":["pBdqP8V4Uy9PxEgd94wrSNNKgRVO4I2FTK9ToF5ZCV0="],"block_size":4096,"path":"assets/images/flags/24/gy.png"},{"block_hashes":["4qlMKvkkuace/nH1V2VycauJRdyN0UMlmbsiWhe3jek="],"block_size":4096,"path":"assets/images/flags/24/hk.png"},{"block_hashes":["JXsKrKZJQE0ptKkt6IYh28Qn9sY+rH0V8IhZyWDXbkc="],"block_size":4096,"path":"assets/images/flags/24/hm.png"},{"block_hashes":["we5s65OuqT5MS9yoDAahWRLs07vLxZnNn15mtUA+bNc="],"block_size":4096,"path":"assets/images/flags/24/hn.png"},{"block_hashes":["kkz7vmfaQZnm+5FKPSN6HVSa7esFyn7IUbBoQpuZYT4="],"block_size":4096,"path":"assets/images/flags/24/hr.png"},{"block_hashes":["IJcb1mB5nq2oHpE4QJ7VNHR8TFrVCPt/1SIF6cImouU="],"block_size":4096,"path":"assets/images/flags/24/ht.png"},{"block_hashes":["fmf0+CYojxfkvrssquDk6LSzWqdah43yDPCsokDh/z4="],"block_size":4096,"path":"assets/images/flags/24/hu.png"},{"block_hashes":["JpfBhso4/kZGmFDoAIfi0xg28h6IVoHKM7rCiMvhnzs="],"block_size":4096,"path":"assets/images/flags/24/id.png"},{"block_hashes":["cluRGjOi8U46bhkx96dA/jBG3CVuPr/vPERRhI3tt6A="],"block_size":4096,"path":"assets/images/flags/24/ie.png"},{"block_hashes":["c7m64xjdAHKjYdowC40u+JdW1mwgIBSn/+jSFhfy+ag="],"block_size":4096,"path":"assets/images/flags/24/il.png"},{"block_hashes":["4sPNyTFxeJj3VfB6O1PsGPaLyzPddGj6GFIAN2TjrdE="],"block_size":4096,"path":"assets/images/flags/24/im.png"},{"block_hashes":["wClX1p8+87OP1zd/ABT0W6BWuZsMJwva2hvG6tBQ120="],"block_size":4096,"path":"assets/images/flags/24/in.png"},{"block_hashes":["wGgcWs4Yvpbm5848vJDeD3+mM6oySAqhi9/mlzivLUk="],"block_size":4096,"path":"assets/images/flags/24/io.png"},{"block_hashes":["jyr0cqZOsGlGFEQnVoZ3UgyUOOM5RMDObqCxy28u3DQ="],"block_size":4096,"path":"assets/images/flags/24/iq.png"},{"block_hashes":["Sg4c+afHBoyIHdRTxf6dL/jDGtL+5knzWs0EZTmWY6c="],"block_size":4096,"path":"assets/images/flags/24/ir.png"},{"block_hashes":["+rdITVfKtmW9ZFhAtxvQsFt9bPH4HLMPR+c8jAjWoYg="],"block_size":4096,"path":"assets/images/flags/24/is.png"},{"block_hashes":["/wOthsP+17ZnWQ1r7g3uE/v2cogOofJ8URLJvqh2OYw="],"block_size":4096,"path":"assets/images/flags/24/it.png"},{"block_hashes":["oZ/kmFsBuE9G3S3OE03WCBgFEkDjF6dmnc7XhAFWqmQ="],"block_size":4096,"path":"assets/images/flags/24/je.png"},{"block_hashes":["yh0jbaM4QmDFo8tsr243azmddvDggPXrhjp3Kss+xjI="],"block_size":4096,"path":"assets/images/flags/24/jm.png"},{"block_hashes":["vtv0YsMBFepANBAqDmqQmxdyLUtueD4LsMymR51Uapk="],"block_size":4096,"path":"assets/images/flags/24/jo.png"},{"block_hashes":["aZTUaf0m+d1dsAROkkV9yeVlplIeMU8a7/R7CmmK2iI="],"block_size":4096,"path":"assets/images/flags/24/jp.png"},{"block_hashes":["FOVRJ44IsZ8aOgMMocn6WZIY92Aa5KFkSyS6IZe6gsY="],"block_size":4096,"path":"assets/images/flags/24/ke.png"},{"block_hashes":["RnNHAzCNJY15Nbgpv9oFfIYxjicYqE9y6elxS/OfjNk="],"block_size":4096,"path":"assets/images/flags/24/kg.png"},{"block_hashes":["6qj+hF424JN/2aJK6fj3fnbYKI6b0mfDYdA5NazZTv0="],"block_size":4096,"path":"assets/images/flags/24/kh.png"},{"block_hashes":["SfJatCmmEDdEtk8cx39FXJ659OvxiKPLB9aVMeJqQF4="],"block_size":4096,"path":"assets/images/flags/24/ki.png"},{"block_hashes":["gIQvmmlOXaVPg+HLW1Wsdb+SEmn++g2J5tVhrGJwqvQ="],"block_size":4096,"path":"assets/images/flags/24/km.png"},{"block_hashes":["bTCbATVsjZsiasD70TIg2o+w7iQ6VNHFSNOy/WmaqSg="],"block_size":4096,"path":"assets/images/flags/24/kn.png"},{"block_hashes":["FYnZqo3yIZci7GU1kpom35jR5P46Sc8ZWJOZ1cjGI3k="],"block_size":4096,"path":"assets/images/flags/24/kp.png"},{"block_hashes":["xtQghqXP9UfxVgfsEHPOjMwkvIV5l/DCRx2Fsk+8jlk="],"block_size":4096,"path":"assets/images/flags/24/kr.png"},{"block_hashes":["dIbIw2odQMOd/yCGTOUHwey1VJXUZz6F3cnN+/fFLNc="],"block_size":4096,"path":"assets/images/flags/24/kw.png"},{"block_hashes":["QyWjxjD43zy7xP6QD1V42VUnA2qJYl+eSDanKQCZz/w="],"block_size":4096,"path":"assets/images/flags/24/ky.png"},{"block_hashes":["bcMDV0E44SGxqBmYmB2/QY0l2fedVlJpjLCt/ta3E/I="],"block_size":4096,"path":"assets/images/flags/24/kz.png"},{"block_hashes":["b8Z/skRTTDqN4t8PUx5opzjYU7jMHfhQvqUiNKdD/Us="],"block_size":4096,"path":"assets/images/flags/24/la.png"},{"block_hashes":["1NmV+6NCTQzEiDe2OLYLENjYobS4pG0IYZgU8ZxcaRs="],"block_size":4096,"path":"assets/images/flags/24/lb.png"},{"block_hashes":["KfIEdruLlAL0eXBxTrmCLM5uXZsTkJbYN07YJUs/Kvc="],"block_size":4096,"path":"assets/images/flags/24/lc.png"},{"block_hashes":["L0WrK5pR+Wa6/sGiW5a9aS6qgjuC25rjpRLIbARqgSE="],"block_size":4096,"path":"assets/images/flags/24/li.png"},{"block_hashes":["ptdqu4QQatigexd7lcxCWNGCKH7aAw1l0I7A2F/c2QE="],"block_size":4096,"path":"assets/images/flags/24/lk.png"},{"block_hashes":["daru4QapMZ1MwIIQk+RcXwLFHTQhx7NgLlj/slUP+Mg="],"block_size":4096,"path":"assets/images/flags/24/lr.png"},{"block_hashes":["cV/Ug7XQSDfOCZXbgN6Ad4OZsPe2Zsy3EP0TmSofZ1U="],"block_size":4096,"path":"assets/images/flags/24/ls.png"},{"block_hashes":["jy0GMqBQ3vKjVXcil0r777m2Gj8bLVXg9/KyvzURHG8="],"block_size":4096,"path":"assets/images/flags/24/lt.png"},{"block_hashes":["m+xTEAX8F3cAeKuRMNKV9mmlznAQ8hA7wS8m9fTztdI="],"block_size":4096,"path":"assets/images/flags/24/lu.png"},{"block_hashes":["oJgE4WlYWH9m1vJI+FkFbPq0EZX7tH8mR1A3EVhDIlA="],"block_size":4096,"path":"assets/images/flags/24/lv.png"},{"block_hashes":["imDc78/A0K951GdXnKY+Pw6mOid5cWtpYOymZr3iPQo="],"block_size":4096,"path":"assets/images/flags/24/ly.png"},{"block_hashes":["HdluCCX2PHXmQxZOjhdLb9+gJj7/21EryQFaHCPHn9Q="],"block_size":4096,"path":"assets/images/flags/24/ma.png"},{"block_hashes":["JpfBhso4/kZGmFDoAIfi0xg28h6IVoHKM7rCiMvhnzs="],"block_size":4096,"path":"assets/images/flags/24/mc.png"},{"block_hashes":["UFpMq0xJH6jzzUzKEf56ZQDRR3u8t2Qj5ydLwl7jIoo="],"block_size":4096,"path":"assets/images/flags/24/md.png"},{"block_hashes":["PlXJSWjWme+OckrVlQoXzv1IOcMIblGvWJqAvrxgl7k="],"block_size":4096,"path":"assets/images/flags/24/me.png"},{"block_hashes":["2j2iKt/Yd0KHlDETU6/CH9k7BfVx5XEx8QS7dSfYSTs="],"block_size":4096,"path":"assets/images/flags/24/mf.png"},{"block_hashes":["xTrm6hIeN8adpKPlUv83J6htoOJ2TCWdbA0ZnK1PLng="],"block_size":4096,"path":"assets/images/flags/24/mg.png"},{"block_hashes":["dR/7kf1KoIDT1VCPdOIW0q7xMbVmu1OVjz0vxPZVNVU="],"block_size":4096,"path":"assets/images/flags/24/mh.png"},{"block_hashes":["ruiBBz9EoEXU4H2E/lrf9yc3nm12RkcuKMyU3VcYO50="],"block_size":4096,"path":"assets/images/flags/24/mk.png"},{"block_hashes":["gVArX5cooM3I6Gm3GL48v/YYWGmPVfvccBusR1HrNzU="],"block_size":4096,"path":"assets/images/flags/24/ml.png"},{"block_hashes":["QciuGKv55UWmnzvrRWg6r4QZMjIc9TBEwM/HUlAErKU="],"block_size":4096,"path":"assets/images/flags/24/mm.png"},{"block_hashes":["0Eihji1ffTrKeKYdurxc7tu5Q7ed0mj6W1q+evArBwM="],"block_size":4096,"path":"assets/images/flags/24/mn.png"},{"block_hashes":["HGKktlxRmWqtQVT+oMYNbudc+t7oe82NPFFK2S6WGuQ="],"block_size":4096,"path":"assets/images/flags/24/mo.png"},{"block_hashes":["oXF/V+JWsKHKocezIQQ7tvxjt86fCEuHk5vfr7DTp+M="],"block_size":4096,"path":"assets/images/flags/24/mp.png"},{"block_hashes":["Y6MX7jCEz0TlPSibNCGlTaUFh2xSfaJ2+WctAjExCIY="],"block_size":4096,"path":"assets/images/flags/24/mq.png"},{"block_hashes":["8gSermjabJC8FlEvwWARCfXJdMEaiHKbbgGGPREKsgY="],"block_size":4096,"path":"assets/images/flags/24/mr.png"},{"block_hashes":["TELQCtZqTRvW/gauCE4lkJNZMuMkVQ6y8QGhhH8xv6M="],"block_size":4096,"path":"assets/images/flags/24/ms.png"},{"block_hashes":["lpHiW4ZEp0gCOhUJX9O75+JsMOrm+FvJNCcA0oeJKnI="],"block_size":4096,"path":"assets/images/flags/24/mt.png"},{"block_hashes":["KYHYQaV4upZnq7oHXZ69rxwdYYNC7zxCx+LGFXpEzzk="],"block_size":4096,"path":"assets/images/flags/24/mu.png"},{"block_hashes":["hXIc58WRBpX6NTjz2JnR9tdfMbN83A+tuthh0DFP6T0="],"block_size":4096,"path":"assets/images/flags/24/mv.png"},{"block_hashes":["SzqGf3BooPT4KZIVyZEobKUNaH3iAaui6jTbn1sRuAI="],"block_size":4096,"path":"assets/images/flags/24/mw.png"},{"block_hashes":["DbD1K7QCqaZSWWQDunOKcPg1KsJ1wTLg9L0aQFn1BJk="],"block_size":4096,"path":"assets/images/flags/24/mx.png"},{"block_hashes":["kaZtset1Viz7OWWd0djdvS0a4WZ76XkP2bpNFP7b82k="],"block_size":4096,"path":"assets/images/flags/24/my.png"},{"block_hashes":["vUwBuQvFjiCj8mbWAx+ROgxTAWws9cYfAtEwIGGHgdA="],"block_size":4096,"path":"assets/images/flags/24/mz.png"},{"block_hashes":["sjDGYaWWHOMylNoxjmcS+JZZiSDzq7Z2K3b3ICi9DSk="],"block_size":4096,"path":"assets/images/flags/24/na.png"},{"block_hashes":["Ucn27B7MeikRCKBoWu3k8CIaBIDlnaJOu7Qd/uhm43I="],"block_size":4096,"path":"assets/images/flags/24/nc.png"},{"block_hashes":["rGL69xckVFboqFwS4QHbM/KnHYaG2bG0+JdC70Y2GKw="],"block_size":4096,"path":"assets/images/flags/24/ne.png"},{"block_hashes":["0G03iWli8M3yDpZFI6gRCZ9pwqezvo/5KeaaCFE/KbU="],"block_size":4096,"path":"assets/images/flags/24/nf.png"},{"block_hashes":["DP0V7uuGqcLqxg7luYuQYhNsE5jEAeIXUY7bq5UmcEg="],"block_size":4096,"path":"assets/images/flags/24/ng.png"},{"block_hashes":["o1GwA17CCp9i+lMAJmWGx8ZUOt3eVQRx2Ck+Ea5w8+M="],"block_size":4096,"path":"assets/images/flags/24/ni.png"},{"block_hashes":["KhWlgtmlE42oMOar6pwIgwe+M4sIHO1EUAa+ibDhldE="],"block_size":4096,"path":"assets/images/flags/24/nl.png"},{"block_hashes":["/0fUnwXRAwLxSSbKXQVyuVGOS2LrY8yrECcRQ5CKJds="],"block_size":4096,"path":"assets/images/flags/24/no.png"},{"block_hashes":["wJHkI8U2MZERTbBtXNY8WFZj9hgyjtaqP/FMSOMAvkY="],"block_size":4096,"path":"assets/images/flags/24/np.png"},{"block_hashes":["ZVph0EePTI4Z8nflYN6DQ0Rs4NzTCangpjrgsYphQWg="],"block_size":4096,"path":"assets/images/flags/24/nr.png"},{"block_hashes":["WaG9WntSuxHnTQdo8hDCxQaBozesOtWZTd43ynkWCVo="],"block_size":4096,"path":"assets/images/flags/24/nu.png"},{"block_hashes":["9tWInkDK0k8YgIRMMP+51UAHxfA26EG2UGkJoiceUWo="],"block_size":4096,"path":"assets/images/flags/24/nz.png"},{"block_hashes":["aRJrZcFzmDXab3HrC7aGRBLwvsTgVQXjOxNrKKfluws="],"block_size":4096,"path":"assets/images/flags/24/om.png"},{"block_hashes":["lMgP60iNsJ9G4OoTP8M9sUNoFfw7BwyFVu64CRZneHs="],"block_size":4096,"path":"assets/images/flags/24/pa.png"},{"block_hashes":["lLM+2/WCQBFG0y+uSav6v11ZTQ8toCeVKJsgpveUo5A="],"block_size":4096,"path":"assets/images/flags/24/pe.png"},{"block_hashes":["RdIqALBAlxnAn2sse6Axm3owQJ248Gm6OnhTGWmgM+k="],"block_size":4096,"path":"assets/images/flags/24/pf.png"},{"block_hashes":["X/29//TxzqpXLp34OdeIJPHFWzFH8v85ccwmB6jqyjk="],"block_size":4096,"path":"assets/images/flags/24/pg.png"},{"block_hashes":["GrOva+LM/tUOMXQPkqh37qlDO80y9uH7H2SYH+YhhDQ="],"block_size":4096,"path":"assets/images/flags/24/ph.png"},{"block_hashes":["m9z4OCWohHKf3/OOOOZasduXezmkaLZMnd0e8pEnBuw="],"block_size":4096,"path":"assets/images/flags/24/pk.png"},{"block_hashes":["ex/B971OECcrOy32XAwFiEyDV9KQ2pMoP18e/ygPXV4="],"block_size":4096,"path":"assets/images/flags/24/pl.png"},{"block_hashes":["nAvBGQxgR83TcxoD1SU5ITCZElhRSeNy/4kEPqM4CRs="],"block_size":4096,"path":"assets/images/flags/24/pm.png"},{"block_hashes":["RB+vD6CXyO+xPaCsVM54D88c9IuS3gpKnQhvEc6aINY="],"block_size":4096,"path":"assets/images/flags/24/pn.png"},{"block_hashes":["fOUrpeqU0zxbIeEv8KpcZXS8RR5iim0iQxEjxTMz87s="],"block_size":4096,"path":"assets/images/flags/24/pr.png"},{"block_hashes":["Bk3BwNpV4mTBJRGeZVeSC34bcD5qhorI36it/AdkGEE="],"block_size":4096,"path":"assets/images/flags/24/ps.png"},{"block_hashes":["LDfTOVCsqYRKEjtBVoBKt0oqlGNTBeenaNSABS/p+xA="],"block_size":4096,"path":"assets/images/flags/24/pt.png"},{"block_hashes":["dBaiEqXrtR20Lv1p4eOaPufkAdnXLgUWVSydylwzteQ="],"block_size":4096,"path":"assets/images/flags/24/pw.png"},{"block_hashes":["VJENKCfAA0GpuIfOF31j79mw81C2x8BpdWpQfJcDCcE="],"block_size":4096,"path":"assets/images/flags/24/py.png"},{"block_hashes":["T61ALACXZ17lLz+zbLoylxdITYipv3MEwqb4PCIsJjo="],"block_size":4096,"path":"assets/images/flags/24/qa.png"},{"block_hashes":["YWev2CcwUBZNvvUYWd03hag9QlgtEDMAhJdBoqHSfP4="],"block_size":4096,"path":"assets/images/flags/24/re.png"},{"block_hashes":["gftO5iTyfsCgF8F37rHx9ek0f6pQWZrChqV3z7Rxfqs="],"block_size":4096,"path":"assets/images/flags/24/ro.png"},{"block_hashes":["wZrpjT2NmTNq48Aq8tCrwC8K4gg+jCTQCwPQBmUZA/s="],"block_size":4096,"path":"assets/images/flags/24/rs.png"},{"block_hashes":["WAU5o/yBZNI010qHLsGf1BNseUWO38wL92EHSyTC8zY="],"block_size":4096,"path":"assets/images/flags/24/ru.png"},{"block_hashes":["fJvwnLLy1q9J8kd62Mgn1ex/eL8ZfaU5YHvQl3G4ddw="],"block_size":4096,"path":"assets/images/flags/24/rw.png"},{"block_hashes":["IGtFH813E/IgTVe3OFWZ3mf5rVMf8Z6CBbfb7262GQM="],"block_size":4096,"path":"assets/images/flags/24/sa.png"},{"block_hashes":["v8AfWqkexwaeY40YZ3Fk4FvMzV5H7unYUEKrnUYRAPQ="],"block_size":4096,"path":"assets/images/flags/24/sb.png"},{"block_hashes":["0+h39yZGDPvZPGaOE7/ZLG0ZqiVMHMCEzY/PjZgi1ms="],"block_size":4096,"path":"assets/images/flags/24/sc.png"},{"block_hashes":["PHa/ga6pzh8EjYvRnoBLrynDILu/1tWAuyvAntqW9tE="],"block_size":4096,"path":"assets/images/flags/24/sd.png"},{"block_hashes":["IWyls4ZFZtO7y3yyPznqWE4/y2igpfwcvVwXzxNCv8w="],"block_size":4096,"path":"assets/images/flags/24/se.png"},{"block_hashes":["3PBJ2qSRa+KZXJdIDBfCHJD/GqvcO+l7BnhfY5iJREg="],"block_size":4096,"path":"assets/images/flags/24/sg.png"},{"block_hashes":["+lscWGcG3E2TkTPb2MxP31WD+wcCk+9bmATX0IJOH0M="],"block_size":4096,"path":"assets/images/flags/24/sh.png"},{"block_hashes":["UK2cK4CKBbjkf54qht5CPhJtIPVooYhTKuf0YJy051Q="],"block_size":4096,"path":"assets/images/flags/24/si.png"},{"block_hashes":["/0fUnwXRAwLxSSbKXQVyuVGOS2LrY8yrECcRQ5CKJds="],"block_size":4096,"path":"assets/images/flags/24/sj.png"},{"block_hashes":["B6fMd4uqifoaQU8KZLfkDgHOz5zUbIRKo/xmPMullps="],"block_size":4096,"path":"assets/images/flags/24/sk.png"},{"block_hashes":["DX7JM2JE0FAV6lYP4I+wImripADahVvcSzPQ2QVMon0="],"block_size":4096,"path":"assets/images/flags/24/sl.png"},{"block_hashes":["kYesdQkYf4ktyg2xrwM/LGLCGGltkz5xYX7rkFY0Kjo="],"block_size":4096,"path":"assets/images/flags/24/sm.png"},{"block_hashes":["5dEzaeM9KhxzXloUD1HYiBTbzb9ZZpEefafqRxCLl2w="],"block_size":4096,"path":"assets/images/flags/24/sn.png"},{"block_hashes":["P8NfGHoYcr6hy3F2ydDPR6+Ba4bUyKW5BHsyCcW6iOA="],"block_size":4096,"path":"assets/images/flags/24/so.png"},{"block_hashes":["MYX7W9YUxGNLbEzs/45OnrUk03V+4SXJZGtK7Zi4f3c="],"block_size":4096,"path":"assets/images/flags/24/sr.png"},{"block_hashes":["iAWlnPPihGiMKPZD21WE2nJ3erHY9VPsIm9CXTiLQww="],"block_size":4096,"path":"assets/images/flags/24/ss.png"},{"block_hashes":["jj+vZeH8vD7JurTF/uDEw693TGI58cjBC5kgHJZJmbU="],"block_size":4096,"path":"assets/images/flags/24/st.png"},{"block_hashes":["mJwje5k5uhnNjJVYNBToqzlrQgLo+c2BXHEXZ19lLnA="],"block_size":4096,"path":"assets/images/flags/24/sv.png"},{"block_hashes":["XETcTnNuiWETtRtrvK04xU6IQiq7z75wxnyYaUGfhQc="],"block_size":4096,"path":"assets/images/flags/24/sw.png"},{"block_hashes":["VNkVC5QMsSoOjuhsFSxupFeV+62ufOiNg7Y+A9AbieE="],"block_size":4096,"path":"assets/images/flags/24/sy.png"},{"block_hashes":["I40yYmj1nh3C5PrFvGS13ZI1YAAPZWUh5T18UzrL/+c="],"block_size":4096,"path":"assets/images/flags/24/sz.png"},{"block_hashes":["OExDM9ufn0+43tAETHpZGPkLcED+LrfTaG1H6z3Q0Mw="],"block_size":4096,"path":"assets/images/flags/24/tc.png"},{"block_hashes":["Dq6IA2UoiZ7pwymdL1wAg7wlf3tIqSMdPIsYFDGCC4o="],"block_size":4096,"path":"assets/images/flags/24/td.png"},{"block_hashes":["dCVd9Y4sDCiXercbYaKkVga9Fzgg7U7jZm4ZMKrEZUw="],"block_size":4096,"path":"assets/images/flags/24/tf.png"},{"block_hashes":["SJSbi44Rqphh4O7IdNw5Jf4pbpEb3ILwZ2LFpkw1P48="],"block_size":4096,"path":"assets/images/flags/24/tg.png"},{"block_hashes":["p0e2saLIZHHdpql08m71hvhHsvtvHiB/+xBCymWVBf4="],"block_size":4096,"path":"assets/images/flags/24/th.png"},{"block_hashes":["QVaYzmk6tkI2LkqoMAttXNYYKqqhYZk8Nxx8vK6Deas="],"block_size":4096,"path":"assets/images/flags/24/tj.png"},{"block_hashes":["+dPekG3gHHbVwxZKJKusO7KTii87Y5tsV8yuHsW7cPg="],"block_size":4096,"path":"assets/images/flags/24/tk.png"},{"block_hashes":["rpRUlx2Q/Z0KMA96T+1eWDrsGt2jGvGMsWuByyn6jTY="],"block_size":4096,"path":"assets/images/flags/24/tl.png"},{"block_hashes":["vPY22nkLeHnYOwCj2AA4TyHjk/GYbUWPfiBPDjC0zak="],"block_size":4096,"path":"assets/images/flags/24/tm.png"},{"block_hashes":["0shjgllbd3W117kfAzGDYCI2Z9vS7M9Evi/dWReytEk="],"block_size":4096,"path":"assets/images/flags/24/tn.png"},{"block_hashes":["rThph7BuRM3c4CC1QqKH+8S2gEQnUJflr9eeLxA/d1E="],"block_size":4096,"path":"assets/images/flags/24/to.png"},{"block_hashes":["bLxUIpZhKzwI9XYazViLDksKKJ64OCEuKoqeRU78zB0="],"block_size":4096,"path":"assets/images/flags/24/tr.png"},{"block_hashes":["rkhugkIXPF4/e/Zem273oaSmQln5z3C5HnvK3ehZOBo="],"block_size":4096,"path":"assets/images/flags/24/tt.png"},{"block_hashes":["5lTNOeWhSC38k+XLfT+t36JOq9PaaM3joTelDGcefLI="],"block_size":4096,"path":"assets/images/flags/24/tv.png"},{"block_hashes":["GSBB59dKHHF9tcUWtD6XeP/JCkHB/47zPECRslkrLlM="],"block_size":4096,"path":"assets/images/flags/24/tw.png"},{"block_hashes":["Pcbimv8aGQoIpZxtcF5zviIIoyJmaQgBfUiIMyMkkQI="],"block_size":4096,"path":"assets/images/flags/24/tz.png"},{"block_hashes":["XKT6a/gsQm4v8H7WauBURih29XCiZkzLeUessqq2rnQ="],"block_size":4096,"path":"assets/images/flags/24/ua.png"},{"block_hashes":["nVb2xPVeq575duseAS2kpizhA4D6pwOb3Ed0I7jv6io="],"block_size":4096,"path":"assets/images/flags/24/ug.png"},{"block_hashes":["mT62mQoVLgUvh/Ggnea+ATGV81dlR6oCdjyRS1o81rM="],"block_size":4096,"path":"assets/images/flags/24/um.png"},{"block_hashes":["mT62mQoVLgUvh/Ggnea+ATGV81dlR6oCdjyRS1o81rM="],"block_size":4096,"path":"assets/images/flags/24/us.png"},{"block_hashes":["DB5Tnb0tAA7bU/lhe8Lrbu1ciG46bb23B0u8B+ptQGc="],"block_size":4096,"path":"assets/images/flags/24/uy.png"},{"block_hashes":["UrR+vJ6Nz1KkV6tcz1oVzUV+vAWXdeLPoHeTFuu3jJM="],"block_size":4096,"path":"assets/images/flags/24/uz.png"},{"block_hashes":["4icH9ykRf1ROfLbUQFUUevLt9xgSy3nU1Ilr+VSCZOk="],"block_size":4096,"path":"assets/images/flags/24/va.png"},{"block_hashes":["FYAfNWkIjB6Jk0Gt+mMXOUXzRzsN7TLAH+fcff8iihE="],"block_size":4096,"path":"assets/images/flags/24/vc.png"},{"block_hashes":["dy445RaUkMbHBV7kBM8fB/O6Tlj6o7XkcxRzykrnhZg="],"block_size":4096,"path":"assets/images/flags/24/ve.png"},{"block_hashes":["Wf9/R7hgnALXrCl26NhrzQ6hF+thLR8IECTHjF02TIM="],"block_size":4096,"path":"assets/images/flags/24/vg.png"},{"block_hashes":["dXqvo4ILyJa3BovOd1tOgrP41u62Uyi0gN6XvkJc8Oc="],"block_size":4096,"path":"assets/images/flags/24/vi.png"},{"block_hashes":["i3f8OfIbdbE1V1Bdw4iISu62ybutou1Rf5en/wooHSY="],"block_size":4096,"path":"assets/images/flags/24/vn.png"},{"block_hashes":["iIX1jOphvkeFozomLfX5gsUl2mPcgF+g1qEiWGUuKPc="],"block_size":4096,"path":"assets/images/flags/24/vu.png"},{"block_hashes":["dfHmFZfOzPiSbdh5s44e7TsY1CwAsBot7ZvWvJN0J4k="],"block_size":4096,"path":"assets/images/flags/24/wf.png"},{"block_hashes":["8fh9qe/qw8xvcxkW6pm/07kJ/5WL/0LVIVuvmv/aKp8="],"block_size":4096,"path":"assets/images/flags/24/world.png"},{"block_hashes":["ps3jiNU0Hfcdz6T0Rdn+SvYvTIUveads5qMk0xyGo30="],"block_size":4096,"path":"assets/images/flags/24/ws.png"},{"block_hashes":["8bHO0FoEmcyygbyydcKLZGpKm6DHTatNcgx6rHRdbnI="],"block_size":4096,"path":"assets/images/flags/24/ye.png"},{"block_hashes":["YTLWF6LPvz0RlOqyjsvW89r7zvIAB2ihoUShC+Vwj/c="],"block_size":4096,"path":"assets/images/flags/24/yt.png"},{"block_hashes":["kO9rZn2ldF/lKGmDeqSMUHc1thRFPOJhg6q4NX7opv8="],"block_size":4096,"path":"assets/images/flags/24/za.png"},{"block_hashes":["DVZDVs5BNqHSYizFMlrOCXBWSN5FwzFKqNemBpSpAEk="],"block_size":4096,"path":"assets/images/flags/24/zm.png"},{"block_hashes":["LZbDwJEzp2Fyv+BfxzLprhKFqY5j80XE4czs1wW2D7Y="],"block_size":4096,"path":"assets/images/flags/24/zw.png"},{"block_hashes":["+ijbj1VlbxbRG6AQrOnRPS7lXaVUFGX0Dk8jidN/HNs="],"block_size":4096,"path":"assets/images/location-marker.png"},{"block_hashes":["1hcyVR+EWUcCcWBtKaTGs5+FS2GH1BMUgMQ5AFdzoG0="],"block_size":4096,"path":"assets/images/logo.png"},{"block_hashes":["hf+pdAxuxOwqQAh815aFAVBAT2hUl3CnGceOtCfyXNs=","teCxcq+tjkhR5t6OZtUKoFcijYeBVtHTc/bp/Z8cZ4M=","vlxI6fLxmkAwiqTbFscDiCxXs8Jdbm+gRt0AbYKspKc=","3pfWgdRfgAN+g0fb3xs5yO1nuTLyVxO0r+/Wdfb02LM=","WR5dxnLDOJi5RazUJU3HbdWz8+N2rRVNWKL5Gyc4e+0=","amOzAW9uin5ahlil4/FTIw7mRRP1cv9XmLUDR5Db73w=","RKFs0S0M4BC4m9G81jx8i2ExGtzjaHCLhW1B//GUB2E=","26sUB3Wy6h3UKjma0NatANmOqeZ6MNOCOkgUDGYpDYI=","cYE7qJS3t93ufWwOyq+OKKa5XdexMscK8zAI9Hzju5Q=","DAF1sfG1CwVVSykPx5zr0qMoaqFHb/qAKchDSBP3ZbY=","haOrZKFCu+c48fng01B0Um6VmuX6Y94S1jC9vAG+3Ss=","tTQwx3u11IwABh+pTQYrcwUdpQMXIOc6Gr6h4H/yXno=","57Y1D2bJJ0MeYdcEn0CJlvGKP4vHIsPwKp9nxKWnmh4=","D2u0ysVtWWsFJrBSn9Rv5sUlc5oCN5IObj9RRaAQ4Ys=","srCfoPgKZpB8h9xfu32H5OPkhpTaZImjncg71eIglJc=","es8ChsEAl6I4Hm9fd1I1XBk7K5UoexKgW5ubys/xUJQ=","TlNOo9RMnwf/zPoHxYTHZy9EHjaOegskO3kVCx894MQ=","JOZCrTW1saVexqrp2t44RTPNLvbJ96vo7UC4DA639c4=","LfjpgEbm17bn9pjKdMHg4E7PGjVmFMaAufmBuGWXU1s=","JopFisVGykddk8dE52WuT2X99YbtwFxGs6kWxzKk9pE=","A7RIWLvturPZcXH0tZ7zx+8L4a0a5KgJABgIrzE7IPk=","MePXmcuoV7um5x+NyabWhqFAEjKVtmhmTcojqhKUiV8=","Sq5b7xxwSv/IoypBbOrp80tWu+FHYf3YmLQ12AyV1Sk=","oFcBhuoRsKae6o2qcjLRzB8f1XyBEMgi9fcxwGlj+pU=","6TRQ9M1Fn+GMFDHifCknMcYmXJerR+D6aOvk6/hZiIw=","h1hSpF97V+etGD6it5415oM7GzLd9aRAxCoHAAaf/Qs=","dGGpmxg+btowokwnxkDqbOJsCmDCOPOhoBpQgqRbxDE=","hrv2EMvCy8Mxih7V/KqPfHl3TrNwv0okAxg43E0NzPw=","XyjIcLG/beJ1vAAXORxYpVHrBIOP7S62I8j8i0e46nU=","Wp16x7SHeH5wIv6DIK1EkCqkb094Dy9THTR1CBGJu84=","GYcw0mOXMJi7dlbLA+Rm+gkDbY0JQRspJIBW7NHiglY=","IP1qc7L3jqN3cRO1i+fWfplqqg1DpVP/dDaimBNj7OA=","skKLSVBfAE/DhZMUxmz0rNJnWuf0RzQNNWymR7gOM1E=","gN9fwsnJQFQlSk0QDxF1TU1rabLGEXEBKiaDgSJXITA=","VVnse+s2uRMxXProdbpE+ddFSAzRI6vuuJM+J5Cp3ck=","mV4SNzikPmrlx5nc6Nd8E8z0vM+tfwalxUfiNRgvh8k=","0uC4n2fzpNmp8cK8HQsjJDwvVoFv2KggyU9ABlXYIsU=","ninTfchIvY9xGHovUPe+7Ri9zEMDRpcdfxFq/PSGwp0=","8QwXEFrpYkl6i+Jkhf2fo23A8hYMv1klVUr0WjfAOPk=","O4NHj7W1NezXDLTN37FMFsyTOCKkwgAbLERIX28ScvI=","jJ3wWLxI5vMbwywEs6+sYJfieLBa780jCyVomxcovY8=","Y9I9eVpZ0s8eFITePepPCiJwTYqAqn/Jicz+skA3f2E=","lnww5jKytEqpNT2zJKPrlz5n5QvcJF4GjRxCX+noICk=","Df8YJtGUlcJnW5SITDUfzCwFMd+2OOr6sVOUKm8GA40=","eH/VZCV9ifus4Wiaj6xcTYvS2pG7y7ym7Cojz1k7Ygc=","RpjFMwAOhBxyhSet+9D/9kc/ockoBe4vCuCBjPDrO8A=","fhTMtBg7ioIv1Ic3a5ZD0wcWq2C1O+ZYmN1DgOQ+wx0=","flXvwX0QBboC1kT4CjS5EGUrX5aLXC6DcQVzKI4Xvj4=","RMl1EAfaickUdro+e6kfXkAPftQqjgTHdJqFwJZ5Hy0=","19bPZDYLK6LiZorU5+dhne1lXw/PAkzPuFdQ6lKJHVc=","LvamO08A2p6rPjMh9P5qcXDH9yl18BN8jjMyiO+Tc2I=","bASrk7L4cmSfqT4QpzEG57/T8pzk2z1hht6Lwlg9RnU=","Y11QzDtn8ly7RzpGBZ+4siey7Y6jc4CZ7KcCmEDVYU4=","efNfpp6ri24JrS6s1yWkLrgDCtp7HyRw2bJOzqvtV5Q=","ZbGf4+XXmpCV/6hPiGWgMQYkJkoW70FGMbPHqkIH8Ks=","ViN45G0dB+JIBwEq8q1JK+ZMhQMI6SZC/JAS2kCUVak=","ILojmf6CvFZBmE15pWZGCc4n+g0/0V8JC+c4xD81/f4=","dWYqsjBvTmWtZjewA4V8jyFTDa4fMHyjqYSacMizXhI=","22+M8LgwCwixzJtho6BPvTuKhDpZIbowmLizHuZfjr0="],"block_size":4096,"path":"background.js"},{"block_hashes":["LQpPWnfHiLCEkZsbjK1XE9nfwziO8plpxMtmwoCS5oM="],"block_size":4096,"path":"favicon.ico"},{"block_hashes":["S5vgsEggIlV6iQbAav9kd9j7ej2xfZ98/AIrUXrBYcc=","iy75la4DdxZ+m60equllD/tUoYnFxkHxx2HOVmSjmU4="],"block_size":4096,"path":"index.html"},{"block_hashes":["3q3bkak761iIS456nbGZMlbHNRbdyimtX02qAkEKxQM=","XfztW+FiXp4m6sCxqIHllQKssqDSoz5wIvyzMo9PWkc=","nNEWW0b/ctZFgtUtnLkmIm+sBDhBg34eFG4jSCp1bhE=","/TYzrak85FLIkGQRDCXP9pgBYWBYokSyeO5zUk1beZQ=","v7R8zH3t9Z41BkguoolfMpinrXDRbnGfmWlW/E4Pujw=","oO5rgweez+cNHLOqB1ZU5FdRDC09ULYLVovuv3gW5Pg=","Mph96hawHNPJDyFlR00+Ofm9AA89Tt2OtS0IJOLxQkM=","t7yhbBB5rkjIddryjvVKGNaqdpoz2c4o1X2RMCWh0hc=","WlrlVFyYJN44TuD0tXoHSoLAayNNlUJHuXeuWx+ccME=","P+cGx0qml+78Y/8Y+jkpkU/Dz+3SeiGzVNdf2kCTTQg=","EuAsCmffh4uLW8X/wgBBlO+wooxRLM1AWyZ97+UlWfg=","PMUKH1nNTxJMrLaKJqX7e4IW2r7D7mv4DOzEHi5lqW0=","bzThZ+E2HWA5ZMdDo6VcadVlQ0lCpSjJ3mBShgohxTQ=","pEmtozmXw9dX6oGnDSNKJo6/WbEcup79ABvL2y3TSCY=","KrXVSYfinryp4QbLuFGZ6fpCF+iI3SbQ/PJfu85ZyBY=","tIZVc8U1xFHANexIXHRtgGoJRGN/atB7OP+nzWsomwk=","DPnAcW16eqmf2BhJvFAnfc1zwxAZtE1cTFGSkoHLBJk=","O0IfXFCohFSeyA2KvXj1rmXW2fTJQxcCyQdhI/JAW5E=","Xn2S48qPZg/XtUTmEPrQgesS/gV8tgcVgPcjYyNXfyI=","7zGzx8ubdEUSvzkdKwIFFKAryuXUWSSmyTDJZejfwoU=","yi98OFwtzRi0PIrGPKO1V6/I9GqAqDV1j/TBBUOkLik=","LUylD/FH+03z9wzmulaDO4nOSEnx0b9ceOeQUdRbxW0=","lvOccXEVCFjlsnhAvMgDQ5oF1BQ21Xp+q2YoeVbBG90=","BgiK8IzD/t/kjrgUyobHKV1/hXEamsYz1A8/R4kXO/s=","I1lXr8jq2oppxt/IrQ4Ob7zMlhYGKYzI0TYtPSEsOJ8=","r8zktggEQ+tG6H4XEHKKw3iKLLZEor3TMCJwe3q2di0=","dj61FWy6sCqW7z35+Q+AtvKcmDuC/xm4FK+xJkv43ts=","DqP3S2onzbB9CD17SWGnKVFccWqjM3lL3R630phh0+8=","CuAPvaZTvXWsAfMFdAj9lNcBtvMd6f0+5Mxn7sEOTWc=","JebIt5aiDjVOR7yTuZ80GXE+anaS2Zi/0d0QBUX05ic=","2M7Gqv2PPNNEzVXWeo6B9t+d7JZL5pBJ+wm4nAURy1E=","yn90hmPrlP/5l5isKddC0QWrmm9Mm21+hMXOY5wTvMM=","EGBfLig5JI9oh7vTR+Uc/PuZNoO0S2S4R9wJOnpNap8=","3YVQ9hcuUauWJ+Yn04+uYHscQwxDQK/uomXQdYs8JH8=","327IMBhZPu/GJVYzxYtK7Rk3WC3C4HoSobYmWf3uec8=","wDTXptU6lIrvQrVfRgeS/mtEvI5At0/LuFLxT7MS79I=","nGBxvjVLO8h1aAuPEFkeCtzY6sQyr59drFrF9kTst64=","/KXvaDyyKnORW+5ckUIheHIb0IpDn1SlLiOqxdvHrXA=","siCwd233s0A5cUgyGFb+0opTARVccXxP+Nq8YBc48OI=","xxjLmUT63Pdh26XSRW8nD+Ebc4UTXBmuRKcwVWkpypU=","+j36j8QnkSMgb9NB+CVs4rlnPwCGDhvKTqUsrtFCo/s=","DX57CIqyaO1aBf4DA3nvDCBfzJIcWTQOmXal9BAk9E4=","NHlk3bFj3/FiIWTFHe4xY1UrlCsLbZOvHzm9MSFcY8s=","VVRTa1CyW7e1R7K4leG6VSrdfqqL5DTZSYkiM8cXMO4=","MVce1X7HswCrB5VTGhQeteI1e3X4q4MwNE+/Eh/Vp58=","2NRGmc8Old2yyr32JD+qOIsMnNMz3SzvQC53ffNDrUg=","9C90/TSfQkn20AQ2HXJuNcmw5T7iQQ9PiJgF1mqoGOg=","0UVRNSfC2G6GaScaam5KfK9MjCmlnLyZrb633Orh1d4=","x2iAt04zw/nICx35QxSu7jvK6UbIDGtiSP5xj5oKhR0=","EJoG3RjdQdNkx7yrS7uheX8gTxISTUe7WdLnxBEw5SM=","l1+81z6DnVe1Y0Wr6K7vTLwQa8QT7fVrm1Zd1aqfoJY=","oHTomxF5IYccdiD3hCMz7s23nWIgh9ArxNUNJh7/0iM=","tF49ftewxGNrMKVX19AeJrdBqNQDsIEXr/5zIvwB39s=","wEPtlKCImWN/L09mLTFdwrdp5CPTI7+MvEvn7YhVxsU=","3Nq9BHarg4ck/IVlmzTlCUpenSFRIzF+0cMWh+WteCs=","ZojcX7/cKIFQso9t+MgcLadxWBfpVgiN0D1XAT03sLw=","Ro+mVBr9cM/21qnI8eA/iYu6LcJ+9wDCN+j5Bn3q3Sc=","EuCPbkgubrNgnLYDvo7zLiH//IyoOUGYkYR1Q+q/sC8=","aQKNZvGqKsGOr9y4uY4SbSodTxgA5dxl13HPYO/oVIw=","009IcCuQ+NYpGj894mUTqN5JIvuNBAF6VSKCaRglELQ=","7VwUE++QDXPTGQ1L1oUWswQiLBC3OEYrTD+K0UqajgU=","ZruAVLoU92HFIt2r0A48uGzRzP/GzAlyK/kp39eBw8I=","t/CceLho3HluwejNC8vVCUqrSL7gc45II/lqYDqQ6nk=","YSWltNiiq1yZpWVoKgxCzD3jZ1GBx8o9VNGhoWR4+70=","qm5vKSn6L4DKU0ua5aT6ca9LDVpy9lkDsUDl7RW/o0E=","Mq/nxUxNXDDx4XCqtynqWUvHst7qfZImVZgeECcde98=","Tt+VZfkKcABPTZAtjwbtZ6y2EN8VZ9409eSpe+E0kVQ=","TYIkWn82OLIiegpaLL+4hWjN1NrP1II9UBpDzXRdC90=","Ci3Nloj4NRz7LERYtWIfhesIGtvb0p4vK9IeNCRokuE=","gNufGl41M5oaZLJcC/KNfdSIxIlTAF77kcL5CBSS6OQ=","AO/W7N8rqKvoTueimVeTe12BMyMmtGcRCDzpooOi1Bg=","KBNT+py4BABXIbHrrNTZaQY3aSiohEM2JtoVif0WzoY=","sRxpb2orTd0rsSoZMa5aJdtLOR1QAgC6R0gkwwXvjXw=","56LoAklaTUIWOhkgZvIIzldSK8eiHtt7ARbRy22dvqk=","l6uK3lcY8JyWeWJU1u1oUJb88jB9PZGR+RlRcgSFDgo=","7H+LdZFjU3QvYAtFm4IZFaPfedkQuSjLZxZ+gpmkldI=","hRFkpZ27dMIwWBEUUU4kHSrBCfnGYek9KRw1DEPN4fc=","at/c+RvWq2nG02sk1ZHqa9zMHZdKw4RHkWxC1sS9/Yc=","x0Ubt4w+lVLPoKngw5EY027LFB3HH3cib1d9+YfzOJk=","nrDjX9I79O2A3YuE0sFuxD2r4LK2oygNNOCznlYOSsU=","CDxrId1w9jYcyPpXWfj7n/Ng1Ci7R9FoX3Inv7UhZnI=","oF07ATyNxJvo//gkmUi4rTieoHpSlB6Eu2KHzq2MQdw=","2Mw+/ldtVKa+OhV4fomZbb26Jsy0lGbacBIH1e1T7lA=","vTeXzqRVdPYfu7JBbARRrdHTMjWg5CNaLJAQV/wLSWI=","NdDNeMuaLuody9IaHxAgTgDeuyKBKTF8Q6zR67z47y4=","I9VUsf2+UDcxSEZCGdROR26ZeOVvbX9Jaev99pyga/s=","H1m0bUWSXPTlc7UoMNKmEUSPiy+FdWX0ru8QPGYiMI0=","JkyZ02YuBJzzhnkf71UOEFBSCT+LbMtRpphrE5QX9Yg=","DcKPk21sqfQJiSvKkhm3fhE3POnH9WLXM09syreMiJI=","Zxe3kEPpdH6IYucWInUdUWczepnx3vPETTGAPAKqiOo=","/W5tT8FjB271SDB2qbnvJkOsm9RiIuyR8eisr0pawUQ=","ptksCX/1nLa7kQ0k6LSgh70sTXcd1F/hqzcYHmrSONc=","fy6YocLPukT7sg5Abnt+CyYDJWEwqywfftOQFz5Fj44=","g0KK6OzPp97vg1brSYgmnVsOiqqBmY4WmAOCJrfIfBI=","ti0yIBIvobR8+L2S7iRwVz63jVA8j6nEHIOLuPjZhhw=","0mdUOVoKK+JZs9rFkqaiYlvAMH495PRkbPuT7vSg2NE=","ddUnyql0mm0nSAuB0VE/ozq3umVrbdr3N2DapbcwR2k=","DuN2QLulUnEnRLNb84IPIw2sLyRWLUAtRM5wDoLXmGI=","wVBjT/BD8wlnvZx0mcB0WDXr6e9LkrzfALYQ3UBFkyY=","2hElLDoBm+mF0Dnh32BJxrKR3J6I3NcY8GGsCNZVAfs=","80bQVGGBLtpCI8G8/w1jE0wfV+dHJTguAMOehoNr6EM=","hbPhSl77pFsgkP7IL6AxvpPCfb+oUS9UaJSm0KGgi2w=","5BREtOWUQZUw+lRCQrNcIyt9JJTOEeEzbzZq2/T3/2I=","Is1AaLQjJSKIOC8UB4wcK79LkqQspKUZ5Ff2V454Kp0=","ZdGTMlj6IDVqULFTpFt1yAP/5Du6RzhirQxAiSIm9vI=","ycC2gfPgaXp+EigP0Zv9n7SgaxhD0CPhvsbc7sbAE5g=","skb9aHZHN7Zy8sEeKAoHUR+hkml2khF788BxZv8NQlE=","gigqFJMLnsMv2lYOmU+rK0ElgpbHlYvdItoGNYGKbJo=","T7DMsp7iVdAnmrQC2onNJKqaPqcmdSm559iP2rMa9LM=","Lh3Z+u7JFE/jWMWjJjlXZvkxAaFAZCkNufY39+lz/OI=","U+pr/z11izybO7iuMQxNGqDI81M36/xDwsRFWrY50z0=","VusVFSSsGc0NA89loNquqI1UEdesJbENx6BTHY4svPM=","U+sZvvKdGYM7GfPFr27EldNX/qDMy3G5F6uE4rCX+cA=","dP046WBOzl43LkTIo+f1pSW16j2C9FxZCjnZlrZWNRk=","oh3w6gcDjGFDYqcSABRZIOawOnuKhNva/0qy/REUgXU=","8B20hbfi0CB9ItD3VosHasJUkhFRa9ZhtwN7Sn9bSu8=","geNxDW/HJtlMXHXYPUsxRNaBnveIc6jIwJD0rYyvMHI=","zxn9QMHFLg9pjKKsV/+22Tdm2hUaSjXRlzp8tXDhiXU=","FiL6GRavNpsl1/WX3O9oVs+FIJPY9FT+0xa1MI0jVdY=","gXMqIVKNh48970mHdMwiJoJIeHZHLVUav96YIuewiFk=","NKJ3rUkdZa7mGY2ihRxmsCekyN7eYctK+7QnHti2fuk=","O/85h6FqUoSV3J5w0y4undOGca+CtcKEP9HJlMk0k/g=","XrlhVuikftZ2IUeCZiiqQMfRkYhR6HHVUlOyLegqH8M=","NBS0dGmdKv8vAaVJahge/VXpLy29moTRD97GtNzLQyw=","elmvzhid6PlvlZa7/8MAmuB7GYRX7uy9jPU9l5fA61Q=","J6NtZf01nD/X7ICYKinysF47tzVeTiJ06VnPcIe6HFE=","4m50iVi7ZRWWh4hdMBRqQlFj+KqFnDxM8hV67RBt2OI=","+cCIExHfVJmbNv90h9J9G6NdDXBsKsF5ozx506aIaGk=","+AdwHyLzC0W4IFNCv+6Rj9KcFNKlJrK8OIhog0frZFM=","NjuLF5pMulf9RVGPoFGIZtN9CO9neYqtxmmjTLtfGT8=","4yub5UHgYgb3tt03PCYiJD6tMFpVczGRTiH3T+EpUL4=","tqm9jIS4J2T4aQG3JGvV8OWWWEGZnqXieFTLQ8Yc4ok=","w5Tx/lXEhH6MY+LTdvRj0Vl9aiSXFTZkNzX+n8cAK90=","mIB2kPjWVTsgaGbFRgthHW1U5RAYsWtP+wyg0E//Ugk=","3akkl79q1x2Gs+JI4j1xHBwC3LFQ80pTiDe2/HaydoQ=","aj+ECIYCC1WQcTwvARS1UwqlL6WvNhLDAJr90OTgOiQ=","QmSoBt4xbFU/Rs7sEFWPUhrBZYuVw55BBvhJani38S0=","pGcWxXJLA6H674GMARA0d8TK8stsG4OneYY+xhgabbI=","eSU0QHVc9Tz4cxAeVjwXwD1w6S/3tZ4S0/WczTAUehY=","/7iTLEI5LthT638sqpOvNC7VLuLViqfgnk4VrriEFw0=","s/NrEGH+pN4+gjCevTEgghaO+QcCS3/BtgnKi0U9aCo=","p+b22FcaKbYoOhxA3oyiAHsK37O4+K4qo3ii8dpAq2M=","4dZC8NXdKxzftQvjEOmqr1Vq1ttiuLK9eTX7urPcX/k=","UnGxhN8acmbzl+weIkO+uGzwMBzKj6tJPOOPPbaR0hk=","vuZEdrOLec8XdlCjEZbZMsKqVQ6ME4SjDFVjol3k614=","v4QTbKaow0usjcfLSPehbhnP/s13QtzBoDnwpXFM5FA=","HudAzd/Pzuz1RVk6kUWtRcePU+Cck//yAKA6IoStNEY=","KDz4IrMMpl5w/WKek9VQ9d0YMawiBKgT22m87zhf0z4=","iZmFXCIG3w+pFQbUXTG55FCRIbEDsvsK8LvAJX6QcJI=","jqFar8DJliiseUi1FM6ectneJHVWEOOTj5KVjQ+EopI=","e2LaVpm4rGsSmFAYBRwWeRRoQUllPwqytjHe+EWEREE=","6FV6LIq7ifmv2nQCgZfb3w88jxgphXKq3QPfloqpCn4=","8K6GPrGZpwzLiWdmGovWMpZkamQ5PAdbqXP98IPrjuY=","HuZ5Jj5YykCCCXQ16iScjQzYIKgCgN/TvA05y1gBGuM=","mJWgL/Io9Ttmg5LHEu2mmnuoWU4SfGtUSeSg6oeI1Do=","BNhqsWXhWJg/U5NLt+DHDPMDb1XfSnD19ANXwYOS4iI=","J67fhNIyZMnaZxe7e6EakyYUcZSA+jGTyb8ZgyZ9CpA=","Uu58PClCYhCqvBJi5NZkC05VKIQssacwX6YvezQZOsc=","uzGIgPWngYgEzFRlN87o4q5YHf9os5pfkoiDEwNU72c=","gAaqOdrVKvqMByEZe58MaEeuca9u9+8nc0hCQPsKoZo=","keqFxLkKF+yOx33Tkf+2wlb/o79TcBe4p4/1tYA+VDI=","XM1x0D4o1IlkwvfuJ/D76WO8JyrePaiz7G4B/Pcdy4I=","ufYplAZjOeci/T+J395lcArhQwQEeObYxuoBynuYbi0=","9/ACpfaV9qJzJTMLt3vPcSog2tht93+kzXi58yXLmY4=","IvNGlZVx6do4gpTVkpYGuqHoAgJPQXokCUlnAa53Z6I=","azemRR1FVDLxdFvA7HCmvUQskqzpBpedL7eNbCW70NY=","LEOHnLEZZQClpOvf6/ioynOjs//WGCAFSnn3AGtllh4=","x2WDAdInJFR8mZPlQInu5z0ZUn2a15YdBs9dunWa2Yg=","aCEIv3zDP0uCGoBHpagxue2ZoWiqFPryjGMplU0GaZs=","3uj0MzcLfJyxDZ9d7Q98uqwUKMa4z46FU+3UFf82B6Y=","AySEDpa4gEPCxRjhJBee/M1qan44ey8CbkDtSuwbtoU=","GUMrDGpPehgUE5csI2QUOmOfmD4MZ6gWBH/d/19PMVQ=","zRoURFNoJMZDgPITy3d/ZrFqOiRqtFMrGzUE4+m2wqA=","YbvnFhkYDMAgg5OAkncupNdqpV8QWUP1FvC4LFTrbik=","4PdkntlThBjSPmcVFkcrM3FIhMs8D4aDA83nytBN85c=","9PFQLtwB8/DtIruGrA8u6ka2+5UYXYfKIMtrVO0/1qA=","6IvLYmibnuZtYSxo/6BYlAPt+wMbLtPIzpCB9QEhowE=","mxQTVRNhLFOJ9+lrZ3hNmZOVLLoNSQlamvUYaSwOels=","KUE89JxTpmVpLBy/y47+jf9joABB0B3LhpFof+eaN7U=","NvfOejNYnfk9FK5VajBsXaSShTW1H/nFI9A6XbKktiU=","GRiugOd4QPdCyBbbItk7eHBYO7hBXIs0pXvBmlkQzcQ=","Jiccav3RdODrgdv8y3cdwxK7wLAXJFr8lmDjb00fwaY=","WMm8hq7nZhNr3fvdf1a9WG44HCw0CBZBqfxTOKEILWM=","d9ZFtKnL7YCZhBiOGIa5L7a42OoSvH6Iuya1S/83Bz8=","pwpMqTi6xaLiTI1yGm0mKOxKzL3VvHsVSqHVbC8wKeY=","3Gw0F3VvABzqIhZWz6LGeQKVFeFXpT/3RcXgZr/rgqU=","EL4bEcyoTdkAtzrFcsIaUhWZ2RLBIFL94I2q9huSxgA=","Hr2BdoHACF8sskz9BEiBaAUostceZ17mb5dxeCT570U=","Yz8rzwgVzxQAKjQy0L+vWWpkMngc1bdoZ3g94AhFkH0=","b3n0SgPx6JYXVhe7LcMcU63qPxfPp8cGSXWzFmz3U8o=","TwHTiBN3x0Ur8gX8DT1RhfiMjURHWZESkws7VKwzhdA=","Jdh+Z79YR5wOX39MUAah8ybXpIwUMczeiuyb0bTM710=","2MFbdKK5TiWooXOnC4zIQT0hEcTG+GOUPHMAdeCU1To=","ELKRKbZAF7bCegT62cROdhmmNiPdKTSqObNUKRoBDWU=","hKA8jwcKPhXdIFu/YuKhp+6BCLKkFeKLb+6T0wXMeGI=","KwZbngg97owPi1fVA1VSHQWG5Ym8QO3Vp43GPFbgcW0=","IPpZCLAQyd3GHH+aaqXJmrffyxYfqJOqONaBfwSfmcU=","vmw6JwB7Ue7fs7aTbyVdnMKGPhh94Ebdu3zRozNk5d4=","I3LTfOju/1Qo8zmYlD1bJoRUnKsiGqU4pioIBrJp4Qo=","B3QDSdQQQJ0/Zdbbfc/R4G2gJBJ8FqX0Jjp01hMy/Ek=","UI50wH0v0cl7O96Ayhl8EkodR6oGQuF+44hYWeOMyGw=","UkrREb9oe1Bw8leACXaXA+lHKRuWdRglXW5n/9Xp7Fc=","tKunyjdcn5RO34alnRFx0/guonmU/AhCsGw63WScyOw=","u3rCKSIk1B9kjvh4OGjfTuDWD3bG1YSRhbmVogSfJwI=","B2d+pnx3KfOHK0nSQGTXXkzFjmi04dpjcWQamSU7BNM=","L2hXmsizqOv95mXFHz6OgcV5x+3WpsEe2IuqTo1Hhfc=","LZqVif0yyCbVLVZ10e0p0kDhTAACXS382WSpOQX/ySg=","ub8ztUH/v6yBPKA1ZHeE8korgbsgSs79VZju6auc8TM=","+ndBx+gwU/MQ1beiJc+oNSbzLRHFrDfw1ac/YnISAKc=","KVtrrROghc24Zhrv/sgv85myW8yXwCCCSBSd0YIYoUA=","++pU5Oa+Fa9sW/YreQ5twJ7aNRivmNVKW29qINWZoJo=","uHA8NEDCHXQelUN8kYwtlM+2KzVbvI12xfvrVu3nQCI=","cL8v5FpMC44XUhufS6/V0FV+awqMgjSeKeNWZ46R08w=","GQa/I3/bgPPzE3n+izHpGpLV1wwjD3LBbylhTAk0U40=","dmXxA8Up6iVZ8DbPGXHMTiivRSK7FXwWCw/h0K74PMo=","rx8THmclRX93TsgnJgHFYKGFMGBtNFg5ModwidInkBc=","aWEc89oJEV1ZDkPt/++nbQKYMRkttQPU2ZH4XqriYaM=","L3v6no/55Lurq6Fhv0AlB1bZOzdsmF25HF1KgmlkPMc=","BSI2g/XhYECoOkWcHG8o9gUBw/pU3sL2v2jhMjMBLsA=","pYDqGEoC5ziEwyki16oFYeK9LtlpzhztU9XKP+xCya8=","+m0Tb1hE0/Kz3RCs7tkadWTnnJBlJMN6M/uRcRNV0/U=","brXnQ8ijQqv3MGPduje/1jV2xxwTSbATWziyfd+7P3Q=","6b8MkauIf3F3PHcJYj0joQz2tbdiXwcJ9bRJL4tlqxY=","vlSlSucsL6ij05aK9itU9Rm9zP2g6PQVU/vUSrYp610=","nyGjL44dKpOl02taTKJVE3LdlUN2Fldwb1DsVcB3CSM=","V3SIzu69vjT2zOLVLR9f/DHfA+uA6xkc6s6hrRPAiqw=","FanH+OWutFiVm+JSQFz7+aPkVYClwZ6ByQpInCEDPBE=","kVIWfQNUdggeuaAmKUsr1BbOiKst2icZTY1pfsnajfM=","DFd/kUaNvDoehfR6+nWcyMKyDbQSYmEcvMdr+eK+fWc=","KaJgvXtr432GbExyoDPbmMNC8wgM5DjaJBQ70FmN5Bw=","JTDLj0f6gS02x8tR4MHvoWuK45FmoUzUdhEK9qi756Q=","KRUYkO1nUrStSt5EN8VQeTLZsSVsiRdJO4tM9iryMpE=","4Uob0uiS090f2kvi4FCCiANMvvtIfNyHlU9xGEiX2Oo=","olcw2PI33oqYQg76xsPHc3w3OimyzyhAf/0Jm+C1heQ=","E7Udv9Jpp8KLQHC8PXZ37YbQQqwEZVvbyDPxHQBEzDg=","fmYIL2tuP4OwLprpkijsxiP1kOgP+cxMn6ICg3rgluc=","33ybqEpBNOs8vQYY/a2PZ/auTWxMlM7URkEdF/Mp9CM=","BqAsaFnSpYJQPX6vwAuxOPSzAxJ7Fscszt6w8E27kO4=","a3fm7oMzroJOkMkALFU16mD7nrBofV2W/waU40vq18k=","H7T0hoNo2pumI4Q6NnJrBOf3AuQkQoy4MxpVq1LQWkE=","nrGvO2wdCLFlYrqn9Nvydctz+nfA8tRQEbk/SePJw80=","mCdCETNUhaWU8lIi8EPz84ivKdgl2i27BvdGm9MB7wM=","VX/kcln6eHRpzkuNLh5j92ct00Z4A8A4FSQIxPJqfu8=","LKeCoaPTr4Lo0QQri3zsbzmayP2PVmHCRffKlpuDcFs=","Hm+Hz6l/hC7YbrJHtAgQcXaAGMFR4OyqAOyvP1TgzRc=","cuDxmrvTYFkfntALQnwnyXLXRDTnAdkjY0oeuCJOU0U=","fLScSQi4W2mZMA9xgaYita4u2QrgfmuJ75tWvWpcj8M=","kyIrhQHyBtM5m9qpD3BFc1X5Ei6qFRZ5ZpwScCpY6C0=","0d1o2WTUsZlVjwxUD0t59BdETf90FSeDJoDx5HQAZnM=","EAO14rztKbDjHSZFQ96YPU+ERrt033qdflco/XTmqyk=","89o+48e5b6zaiRcHrSAGiqFFf0bUXVL2TXrRJVX7OX0=","ozdjCnBNISHNh7PG86GZCmuxSgT53nI/2tDjNZTlR6Y=","u3DiDHRohGh2MqXiCdl6bgua1QJbFYiXbWgdutLVYF8=","y6OEVQh3N6vG3YwKLhu+Dhr4Sfn/JOUcxDPE9tAM8h0=","5REpBDQy8fEDvMNOzUy6EuWgBErf0EXS0h2VeTSVvwo=","YMWjeDm0uR7WE+MXOI0myqLwmiNkAXVbBP8DQzO6+uQ=","i4oFWx9sQRxTAH/bxBg/YGDTS2pGLVd5QOgfStSb/xs=","7J7hxPFUGBlppiF2+eImfXtl0eJbM4TYyP877gRqJdU=","BWNRnwEL28PK8PYMkzjGOuL0FsLjva0vD5W/uUO3NCY=","aqD0mr/3V0n3n1P5NnyBEM3SYjX3ctrz9oBa73IwHVQ=","/RAPmJBcXeIi51h5asfA0649MjpC+YbPBVhKal3i/iY=","rurb490thJsvDFo7LjoJySbqYrI6z69Nca6WgMyK8VM=","MrpeRlI6bMzrVwqC2aVAfPDgaNlFWiMaGF/3DM+51dc=","Lrznn4d1MmJCxPsl3bObd53LVCrPal14u23Ow8N/TRo=","OZ/Uidm/QzkeF7Ye3InxJufINRUUjwmhp+kqe9AkRG0=","iAu6vC+3iFvCNBBFNW5SRlIsHIgJd1bNzGik49TDZSo=","gX03M5tr1vwu+ewcqnsrs6vq3Z6S6J/m3MfAvZpc3jI=","bwNwIpCzL8uhOgdGQUAo/1tZsGoSl10bKe5TK7/DC3c=","LqSA/yfRV157aoLuvli/mUsYcyrOCAFppwwu5xF1tOc=","LKH+Wfv1+TGAeYGTRZmwGf6yGOX2rsvrlKLxrBw/Mlo=","1jO23dv0D8fAqnVYumd7GGL+hfHyW3LXhu+tIF8tMRQ=","ixVYbdurB1KSF3Emh2N2cIvV1WqEFQWTPKTz0HRzNVs=","8BGMgrcDIXjmC213hfF4MoKo+rOfjWtDrmbYW9J0uPM=","PyA0dg1BMpQunB3jsXCjU7ILj09F5AkLt+gvXNRxL0w=","x01mVOjU+9kutee8hi/mLLCoWrjQpK/wECWmLxEReJo=","niNykfEIXts2/MKBRUERJe+7xg4gACj3AJpPnfQDhFk=","xzX1h/oNlhCSWbX+sgmT5OS0b73R5B5KMdqoxdyVfow=","g5cX0SLqY/zLVrIWA2VkLHO6qVjok4rSX19vn9l3msM=","UKdCizSaOsFRi6q0UojF298yfU9z+mBtvutAgLP21mw=","zM5M/hYYZKhs0tzWoUNTLTHuTBkG1DdLFNfD3NatXEs=","w5G9Z+iLdp0zvv2xw2arZqSyIFbsFrPETpv9ZKmuTf4=","HHB5owFAwUYOS10V39WUxvyC5F/UB+G2k5LQ8KSB3D0=","AL45Gldqjiyw8WWoPiCOYpVx1TUtV4yRvLZUbF24/f4=","ncvoGtFGLjSFJkBPlgEJczvZtB1wZ4c4zdhwSOaYLNk=","QlPIMbWlCYFdFCkEdNHEa240kL/LBStmChU3l8DWRI4=","W7ofua+WIBmYrHgZiwUl8EPJ0uXJvgWMI6opDjaiVgU=","cwEKkusdPcA9RIfJI+j2hOyAuUumQvk3SSNFfDmnbjg=","ytS/q1Le28LucusD/b5lHltCz/B//MYlUpFqlwHa1OY=","Df4B1TxyfT2vcQMwjkNezk8jtanmvZTOflAaFg7qLDE=","VfC+lh/bzeOl4gbMNf7U1YxOpvScwC5JZhU/zPQ35Pg=","WYjjGNXcNR1U7GY7kEgD1e3Bwm9LUTrYVwi0OJmRn+k=","sMrKKOscnIVBQrhgBLaKe3JrxeZLm4xzI2JDWbXZDtw=","fPLd+V7cSMYsL/AI5PxMDOx+pqbPiQksj0PN0Y6w3H8=","FBz62paE5CJT4dvE/yJqW8rVtfkVybjOzCa9smLJisc=","gfo80cH3OzW+r9AJ3JODPoCrZDHePM6DSSoExv7VxV8=","3S+PKS1Yfj2YlYE7Qu2n74CBictHieF9tQaiyFQ2DT8=","o5WNR41G+m9GkTbTBey9vrV5iwPvnfBXjiZK6/eNXDM=","IVEa1a/Koh7TKbULdj0NF8BJHuBAyMYCrr1M/1nZ2nY=","1xNgKSZhKkDyzgM7QMPy7OUM0dgcTUfv25sV2y/3Dto=","nsMspw2Ie5W+pXipX1/Vlhzlzw8bAqgk7NbgAd03/vA=","1+5RXejLEJb/KP9LstkggFnoGkh2RQI5e9W+KVcyx4A=","tlPeP8EusaiESpwEgojVuLd6ixDUNwwzlj0Ibkv0ML0=","pC3weYtMYHd7O5qsxPD4If2naQX5vJYPp5aaIlPhHro=","djM0mSC//KTb7XH51L6mIaGuN18ksLog2ewwPmOh9+I=","KvBHT5QKGPYuXgH9zkcJDXNvy+RIR1s8VtuFSVbI7gc=","+1YjF3uKFQFmL4hWTlYbnCbfCiRw49HkOe5GBPnHvbI=","XNevba7cTUEoOqA+ctwinHKASaER0JDATB6x/0yIb7s=","TkaDECWgtRM/tsSsRpMeV+odg1lnUjQtVY+iRMHuKJs=","n6hsnMbfwBXHAuhw1+Kqh6Wvk2NLEUOIG8D0AGHVanM=","MgzEOsCpEYrvka1gvl7OjHn/TxNxXxBO2RSYWCUb3Q0=","gySyUyk32gpi6BImTSBKxMhTMFOKaiA5HIbp/Fx5zoQ=","LJpCEGdtiwxpVJ0mQ88VIHuHhbChhKS1GJK7ZXu3IQ4=","69JBCIiGmerKVosPsIrOHKUuWxjJiSbw3Mnuiveph1c=","/BhsZwgZjMg2ICRz9cc719Qcu+23NyPn80Vzxzpp9XQ=","0wM+7YX9/zD1b3MO2+WSb2OeZAfei+YL+EqKPcEomXU=","4dKgbyVRoj3DD7P4rGqU3HYenMPyl8/1vHIiNCU5XsU=","jUDs5Sf8sR0/BwbpVbZUY7RuzNoGksN1RGDVX3RJBDU=","JyFTw6FkgKW3G4J5jgDjC/Z9CIUb6odUvpLUxIiADIs=","xuMMW2JJmBKfC0DjRXZNKIk9v7Fa2EzL51gzpNyUHX8=","eZKwC+uL56Pk93lnVqaBjyAnp3+5Nu8UT+v/NeU0950=","sueOUvdrYt7LU1OlUqxCNwPX0f8efkoHRfmEr0wfGAo=","eVDmHeE90vYglMJtTFR+FP5xsH6tOTBXwPjizIAqlOY=","ue5OsZ0pBFh64WX/PLLZxXB+9vDmJf/F1KJPivFhxuk=","4PY/3Wd+KLAAF9fFWX1ZvmtjxN/KqMt3QXICGz2KUss=","y7TRQiZpELluJNbyF4o/2oUOqJ/35+3mSQNSbNMH/ao=","ptO4BacSlFdAQuE5+gzOP2QSmONKWhqQA46Mo/vMNLs=","ABUTJO8eV4HmeyvlLasraYEPyrHVjn6SV8iYoD+O6bU=","FTrTofe7URc98UJ5VdOfnIAsFShvZV+pMeekaDcGOcw=","y8/wkgmCbWsXhIj8V9AJU/ivrPvtBCb3bMrgPsmyboE=","CgfgNdMXDYREDUs5kGuQr3A5v7aIAN2cCK4g7MOMnZI=","PO6/MZFbC64aw5QqbQHDxBlhqmsjb8GqyeXFz3JdNBw=","3NXOo2+uyhfOhOG9LSqJf5iwXCeXywLUwxlDh89Jzgg=","lLe2oVJUb4Omt+kuXIKwHl7sYJczBd6Tw3ehReKse/g=","/EPaKZHb8FP+1pvoZmTk7oJ1GG8gloSDpXxJhnE+wjE=","6++fKmPfVXMo1skUSRdWlWGgYLShV4iRkBrKAN7THxg=","TjjC2AhzXGdL8ytgT+GBY+DA5VUYl9ZhxFqfJxAhaXI=","zIo5MXKtaNtznzVIlBzZwWzmg/mHemUH4QJgaipalQQ=","Afap/4AK9pg/nTbdn0k/LHqIO0FEpzenX2LGMZpUlSw=","Jl3/SJnqex8c36Hl6HnY2y2iTgCgvc/2NCPAhViR84A=","17Fkil76W37rt2fpr/9SSJEVeSEFQfSyLKDv8Rh3c+E=","p1kx/LA/EQ0qeH/LOsBQmPTYzVpQwKlEUUDi8CPrbX4=","ZKl9DA3fa1oh8r6R/vzZPNIXSIYqjzrkhousSIRkJyg=","6m2kMk0JngrHf8AdbhPT91JJ7BAugvU9qWdtJK1drBg=","apR7DKMwJsrDbE4JvLMjfxeJHUkMgrkXR7YF9hjyPEw=","TymhBowUndMabpC2x1ti08gPdiMEBVU/a3pvOGMvIq4=","K3UPpa22+XT0aU8PVkoKhPm0mV+aad9Z3RYxcCOp1z0=","5m0hxKxBCWy30T6rtOrSr07+A9AUGF6i9kbkWRB5ilM=","VwVLIkVrNEoOnP04DAVtGyn8ABfygCTE/Y4eeok+t8I=","zXrzRZobFqx8PLkbeAxCmVcjOt6LEkUgm3kKuKNFkAs=","nYhREd5y1tadoz6RPH3sajWINqId0xFrajlfNy6k9J4=","/qovZCMIjhxjU30N6eAX6BZlXSV0RB/Pz/geOZE11ms=","4zCnf/Iha36FFXPZfeaHYUYaQw409YkpoB92HisRnZY=","JFi6/ppy+tXgbnqaBIlj9AfDm8k0oUWOe8Z21XudCxQ=","K1zhVZDZ7poBNKJYsDsojHeWbL86iK7o5jlgrJIpbIw=","MgZyrc0iL9/xqI+Db3urOR5Y4FSSj6rNada5v0DIqIg=","m44rXuTRz8yCblHLacqUcSpMrDEivg+VINGw6BpEnGI=","xe92r6naBQAMEHmqCtE+oZLO8ASiDD02vXmNGmt22cY=","r8LGWhOkAXm7m/NUd0aYNGyfIOqLrmPNSl52wf1pvuk=","lvbKS3OJahdGfnt0yU9j5UjUAOjUqJQNaFhptozfoCA=","zP92JrncI3dgFHSrANvTuuPahTsOsYKccTIT/J212FY=","TmnkK77BWkBqT5A8B6RcsN+PEVR3T5NyWji5JKx1umA=","2byhmev/JvmYFjaLSpoHTA/CbvASeSQfHZW+oQq9fzU=","lSwZ2vR4wY/jN4f+3F5R9CeN2e6Bxa2UsORoh7Nto90=","L5aBQqe1geUXIgUUWZaL2rmzcM3cIbXom+A8hfhcZLs=","Plvg2ivAIl7TMxkHmlCSWRxJ6FdNRbA43wybDtBX/lU=","9gxEhnbiul873ydK7wrb5XnOUsh74Lm+rqgE3vf3n+w=","fJCtp61kNDR2+bsbbigy4tkD/c32L2Ah48zl2Z+P6QY=","bcUDaWyYZcqwRPtf42Wg2Z98JFt7Z3NIPYw3TkrqDog=","azRGQGTUK8pwSXsse3QgjnAigz18Bmk1kd4Lj9knw8o=","L2iWLX9YR5oe0apkiPjcg0HPzL87acga6ECOQ+LX5WU=","i+2XL8BI3xPjDSkONvMfBcz8EcztbGgGqpPfGfMjIx4=","u7M2hogg11twufbzj/YyQE/aB5wwzGbNFB3aTuxqKnE=","zavNfrJ5aBHobz6aUpb5BrG0JI6PONUnlgkPf252XK0=","cKjxmQ0DX8QEq0s31QrvRfEpNKBOxQUPWbz5OzWlzYA=","TsyGVLnzHGKT8TGj6T5LzQTO8kZpgMn2eHoSE8S1dUI=","Bg/lVtV85RW3dxA8fbtKF9ENQohl6PikTw7kwC8Y0Ak=","19QdH7gQ5SqHEVxhXDheia7NcY2VhRgz4I79TgE9eQw=","xZXsA+bal1+ujCH+eVU9Pk8X5wra8JGaFx8cadfhrig=","4xWkLa9+d/BaWUAOvDxhfZGuKyAM3QuzMev/HnAfU0Q=","5wdssrlntg5WsmOgTCSmYfkPAcHU8aYbD79Q/qsRaXA=","EYfeq8sUR0lGnzMAF1n5Kg+LZH7c1yXfVFxwijuGiS4=","breLHLLUT6V6zSG+iGp95hytYk4N8+vqotTrG0kRuBM=","Sar7QRxEVhNqVpPRcbdO7CpEf4iK1IIedE7Fp8nxtyU=","xMcvw/o2dsa6tNH1BsjUhTF22F6WBNA7YZrUkLbicQA=","NUcpobJcVEuGRPfGSbkcd6iN2gDK7Egzl/AuJS0cNxw=","RO7Dr23CCWgF1aXyIL25pKl5T2V2LVAMx5O6d9IrbHo=","mh4/sYiwT/1D0/be8tBvgOYq9TxlUydSKzjDDfHRRq4=","Kq6YlTlkG8/vWzou4pF3Tv86lsLaBKn1VmiqF/n+7Tw=","nrjQE6LEfWh61cCBQZlZJR+scbfHp2IG3d9zypCj6Os=","R6REbdLeR/51FCmtBbhM0Reg1PIwzGY5SmyULNE+j4U=","Bx3otB5ZFtPqcpm8HnezYAVtaKBo3lF025xd0xm8aUs=","APFEO0b5sn823jEUIsNBxId/7zb8tgvXeKV/hBcykvI=","r/RbCNtZjIQt3t8p42yinHGms+9O27z8rorlxqoUSgI=","08uYY8ebcrW9BL1xgdVq0nNMqYWcaoShdoNApZwYmnY=","j534f6ywHy4onIOlxA4lQeH9+HDR46zszjxrOs6zyUs=","QoDG44gRV2A532gfuAlGIBKAXPZDVXHTLxCuKelFuHM=","jIKIxEsyjgqb+ezw9ZkLzYwrXgDZRuyQdIrABnUGPzw=","uh9uSbkTMI9KLxY331VZMzwcUEPeDHgLgHCMZO7roNo=","S44Ca/3k5iobr/L8+7r98bIcRamQcqL3pFiYjwASVYw=","k3dH+2A2pVKaZn7w3Vwx8WKxOXzKy8GC5HNbfcU7YLk=","uRGptqTF1siKjJxVvhIiYXm3+f/gTqvJyZt2u/MZtbU=","K+AnMna6wjNVQVyGMwZn32+/TVtKFacUSm242Kl1Vmw=","jkPy2/sUe3hDx+bXMwgAX3rbAigLddR2pd7b6Eqnr3k=","LZgWe2IXcvPTQzhjsRjYJN9gxNtHMzFTaE+DHo74umo=","CMeMBdH75u+xPWZoTii4N242QG4Io0g4OPzUAyEHr+I=","edKWY3Kznokch/z7ijx09g/h23zcx5Lt8t1Mmwrtjuc=","i89iwKJRfbv2x0DPH0LljaMUApipWYNcQaN2JN08Ffk=","jMIG+8GZZ1FmTPTolHc2VaD4S+q9WK+cpvCZqCloi4o=","1HKv3ZaWB/Yi5gSRY8eZjzPHrQA7hKkix//i28pT1Kk=","E/XDPZNXqzecH0Lm9zzeFed42Z2mPjZgkw5o7IMJBZk=","KeWGEeNtvGsAT9vqh5vtRY75u7q6jkSMbs4iDNmG0JE=","n78QjppNnVe3zO5WVpGZdKlXylElRVncshuLqBLQNJE=","+Jv8vDgFGS1oRIcyqN5rRfL56YQ+3fHEoAcpkszwnYY=","1v9eTXt8YTIDeDdPiiJKZ4VgbpsQlVRQWPn64vBsf9Q=","gFdNsjf2IvTk3NC6g8tw3wZ3ehYtDLtq+Ol11w12NJY=","QLWsFRo9xzRkpdC4OpaFeMQDPJxy3F1cdGzL5J7wLRE=","fr4LFKmFXZlUAuZSS0N+033CCuMQQTsGU5YPzk4c5v0=","SYfb45sO8DEOucBvxlcRJP1K6jWq928F1w6KpM6F2y8=","yN86E1TAEHQxoxDTT9ZiB0w1UT6D4Dy/j+j5wPR74gQ=","nClhScgsqtiPjwrJb2tg6f0M2JwNhu+nyBM7Ayb+U4M=","a6PCAjpJFqpNSBDK7ArfYw0XnSn1qo5QOV8GHaxyiVc=","QDQRfFnZyt262ys0Z0wKSQe6RQ5U2AT10AiH45QtsAY=","1L4RcDbCufriAPKhu18/rJSnmuY7nYNVZ0vj+nWvDXE=","GESHY66tjiQ496Dq0B/hfgEOH/RjDcSk5RpvbLM5vow=","ZWg+hv3OODIHU6A9Gqm2aVTn7WDaiiJ1K2eN6/opzcA=","Vt8fS3JoXPUNOv+sI20Hg7xQOy2ZcS/r7bW5upDgl9Q=","E494ZlPoVzdvh1M2bGTiQuA135+1R1eTpKz10WA51SY=","QvfZKo09qtPYjr4m8t1FouSJykbxXiHruZj6fL/lHJU=","uo33qWlTNoAlwqnwh11kt/rcd6CczVjwMDzj8GKBwwU=","4g1+3AOcj1ucKjZ0tXazPHEj09QT189VPz+oYUdCW84=","s4Aa4YPQqkcA4pZUA4+U0ceOexYdH1NMa1J8tJn0Or4=","h47+gPg8ySkzfQzoKd4EPOsc0jD8jLxyTB6JJ7OhcJ8=","7prlBo1NBHxWWGyOLrTtz7d4Dhw6oZOXV3w3GPKRGhc=","pe+2kg9aJTVJ6gG6Qlv479iOMu8fmOJlo5NA7gps8To=","V7LWX94YnVh8G3/LH7ZSDMyRHFYLJE6v7ejq729brfc=","sM7o7P2U/jEZuWlQIIxT8mW2ww7Hts010/5mYo0mv08=","p82YAk/il6ANyM1aQtmAEQMk7khXnNc0NhJDSc6b/70=","ehK+Wd5HEG+lophHIO0BBGNsX4BBj2agoaZOqGNEvn8=","Q06FKzgUFOCzZ5uK7Hj1U2+GyK1TWFI1i8bD5TRkQcY=","cksrgHfKI23e6d/EEp922HNLJb2aYyMa3XUNSqpous0=","OVBhE1yvu0QtdHOCANPyr7qqYVGXPn7p2QLxJlPsxEc=","GbuR0E0Rth3KV8fdjHy6vVOjL9ro1iTADCwz8v0gHaA=","dJAQmAR7wm9WeaPG0zFDVnbQJRfCrIKuF1CtV2jmEqo=","9dcQOguDbaAWtgvWlIVBzeS0kWHYs8saS35YKybsbd8=","2un8crfTMgGIWjxcPMjQkmEqyaIBK5Ty+K+Lsftk3hI=","y0XuLfj/82uCoP95iIiQLQV+5M7cMQB+T7C1PC5Vtik=","u7f59GGh/VM3O6IuFjLCevsNxhJLSskVFKKE5FY+PZs=","YsJE9FkM0MhVLjSCT9v8zjxlqZHFLdMGvsRRECCrgnI=","eP2RRWDNyXpxmYwF9DP/at25tRKnM6EJfWeheMSUvpc=","kV05tMlDdb9M0v0rAxLjSrcCRYjkAI/GO27byQBUxJs=","QKJaZFziyDCEseH8o4dG3rdvr9adkN7cOOOrJvne7Tk=","Jqyj7Q5aAJf/uJFLuhwJTMrrdCh/VND02RxT6EkVPa0=","38INORffu9L6f047aXchw4J2mtmUtU0lM1gfkBMDjqM=","x3WeNZG16VMGNU69CcwS2Vu/0GrCV30FeMwOprPRERc=","xaJxC2dUvcvL1b+qotbIw3HhgxqyT3HrlHCxG8e1b0U=","QXOUjspEEp0K39iZIB/2V7IDJyheVBZFWFB/5Vjmr08=","a1NWk1EFYcvIl+HpeJYoadc6wNe6JHB11t/D+uJkT5I=","ZtkibEzPTISqmsEFZQFxfrNilFFnmq2hld9Kr2MJHis=","3TJdsc0TRYTOce0EV878gLZldx3bDvtsOcwM7Gk/G5U=","xOlklVho199vT2W3wcWYyjTfXEzf7S54FAsQQLbv3uI=","ODD+tAl7KFMElroVw2tfPPFDuqvR0zA1QOuY9FPhORo=","6N871ZZVl6r+bcvoA1owKNqNExwrrHkxpyKHgefX04s=","A2ibUxpQY+EFiVpnEx5pQthn6fyeXWZlycZC50vKn5Q=","8MLwnjfCTMB5EdzTfB3KvxmgodTdWbj16SydIdrscIA=","UNXvG32XBLoQi3hzmcSXYb1HG0Nv+vX+Cy/CCedVVgs=","JQNpAt3p3p8qkyhFbbjAK44gdBCgp63Jkp32wBecLjk=","wA1bh0R9vP+QAB4w2cXuGgRdqo0MmAe0k/JWON39GdY=","hb/fanZjAJ/wtKUlsDPlshmFmS459G8dKUTHFA9iRQk=","Y9xfBCPWziWC1qX5cacWnEW0f/M4hivAnY8iOVqwwcA=","fh0Bm1Kmw7TvGFa+te2h7hR8C4aL3DyzO9BT9yBP9wQ=","6bJCIqOU6D5OSSmCapILIOU8jSI03UTEHP+Solj0yho=","ZiaFcUBVolOnwQ1R20/3kBP+S4YxUhN4wM1Cvc89rfI=","rErJap9bHBvmUjr150gZnXq919gS3otOve6HrU72Fv8=","V/7McfhERAPvKGiBeDQl90Aon1EPE9IwZOS9CMp1yx4=","pT9crRD+cJHIyxV5t8UTJ3KwSqyWohIQrUbcCKtOY9E=","YPNCLyZ6PabqzSGbLt4e17BVctUSO3nH09iOxyGZtz4=","G8z+J4KO1zrLW6uKEQsRM3Wla4+76DR1QZiP7KEJ05U=","t70+Cf9XPr6LR3HN+MpTg71mNEpdF3JR6tcCrE36H/k=","3Dq9QaIlZStFB8xdCO3NnZ8um1GBx8pzLKr4JF8bmGU=","mxSjN4izmhVJZX++8Is3AwnrsR6y/SQVMZ801DKLGoY=","BOPnIujfd9zEiSCX8UcZgvD0ax8qNJYBoqH+dNF2iko=","hBBs/9jZZG3Mni2KKgO/JOTOM8z+adTLTWQ1M5+kf50=","SNTMEBmuExAZV5WARak7EcFvdE5vdCzYyFuXafGtm3w=","lRELDfRgmCVzWsmoVZ6KaHg4fR1L8dY3hlfZTatFei0=","NhoS5i5uBEdQZDjQVxrcZ9SMke+bLehD+aBH55Cx33A=","bg8zU8iSAG2JL3A+zuRnRZRCglMziJUdMTDQcjNXnh8=","Pxr6DhZck6EEIJruHBVxTqBIT3WxiLXCPgJuhBZTrbE=","NGcTL4NN5rLB45rrcrpU88V+XCAFTTsY6svfeS14iy4=","gcbLqcrKl5FLnpM50eAKLdO/gjdWqd9zqNFpKsQZguc=","06dBzW+8MHcVIv3riMsXkxaRKWUl7KAWCCawJy3bW7w=","NLFWWytNWm6yxSXQTaAJuQENSjHs6Lw+Z+NlDXhL0zY=","duzTQcM2iiSyD98AkQBJ8XORqlef16FwzTULDg7/EJg=","92MaJkXAblt574mYikjwKES3yG0L77Rq1E+f26k4s9A=","NP6wqCS1jCKdgNKiWCdU2Aw7ETRXrUuY8GJNvSQ/5qo=","OPWRNCnp2NqOhkiIRsXGhxbKQoPClSeAOuCR5pmK+xw=","zCDP6pYT18/xPvQUO942oTpvby6qle2pvkDvc/ajB7M=","yCqAC0AVpqWROKeIVKQuO7ytBdMrzoa64aI4y6mTyho=","y8fBCIX3lfT+sl94FIWRgKV2D44d8CSyM2MFTMJ518E=","A7DenIP3rQzyCY/Wm+4hRY6p/6BJDNYBUTymwRYgviI=","9cilHz1IfYr2WDphRu9zMqIBcSgK6hG2TV47RiTAMSs=","hY+SCYlU8bjDrmi3uwit+9Hv9q3bWMme/F9+CaXmofo=","bWKWEtmr41jWGvFrpuZWKdyeZg6K+5LE0S/qEqVnpIs=","oQMWRcHnVsu2ZtUZUx71UzyTke8/Rvfek/Oqd6UsMGQ=","RHCQU9G9DfpAPTy4yeyRWZ72GZ1h1L61o325kTA7660=","b9c5UQgJgIEHEZSjwGAuc2u+F5KTiZCViHqc2GJwqfw=","j8BzyaoRsyPcVRZ9M8NwD9sVMA6TUjZHyzQSKKB63MY=","hVcNECvh0VyuADo8GBzc11RydP5s6yMM1Z+j+W2yeb0=","Wzx96XXiOPFGJlQOFIvEfxBxtOeF7hLA9E+a3W85HCQ=","g7q6HcclnV25Tm0NVTJ8/qX4sri4hdUPFGRItBwBptw=","KX0SZe803fjw+QA6ncpf3YKcNkrUMO0j1NqOqsYMAQA=","LD6j+kbp9L9mjRl2n9gogS1LZjs6aBdsOkoh9uokhSQ=","MOavx3/WbPXvDmy6U799BnbsCXfTtT9FZkhdeIj33Js=","3kZmjwQIyLZoHzb3d+CpuOrTtgptIlKI3/VKavHZmU4=","cLsCX70UfH+Q4GHC9d4FzHhGDvSuYsTrRxhXuoQDEgE=","bG3Izl42TfALf3o+Ps4jnfGux1W23+LePTqZWH8naoQ=","/ojiNVwLrBgUij8+l/HLQ7o1BSQUbOePHBzq3JvHNEI=","lvExTF4ux6YmQmrspKxtYWk5hdnbUA8h/y0w5CfO/p4=","GzTwpWqTh2g6ZYZMUjSDZBuVYpRu4eFs/djb17pxT+M=","oVEMd39RSHpcFWH/87GjV6yeDHK2Do5oswCVVYrmAMk=","G45oFQoZc8KOiGjuAr3S3DPByBSKScRx31DUcw00UqI=","7TF8EuYIGYverVbtvREg9nFkbA9o9oU4GMP9kKHKWV0=","GZGJhpnDAsmkw1Us8BvYypE1jSnPKIFXYBCCwKc+V2Y=","+7xR4IcWhPBOniUM9tsz7jilB3cZSuMZcJ3yL6xkxlA=","SmUw+o9zjhqypVYmBSpL5HW5Zu6yUk/f6e/uCkZtnmo=","vJ+UKD28BDPFK2ErLzQ7l1ArRtInshMLIXJ7yZocYhc=","zGN5SzoySkuMytAXr9qkxo/25iKwJhO8wPNtfCYcaak=","r9imXrdgYg8CsqvCfA6TVSkOQc25HDVkUNJ3qah2dvM=","e/rfLGsGmUAkmXlYvriKn2pu0IVSTokzsrAgCSHUgdE=","KMTLlFtmp+0pRJzH8mlPeFyfMdiiSytBYYO/sr8pGCc=","yeAV5bVIBonWSmKbJei9pyr1unSal1fusBeV9Q2yYBg=","pJO+LYZ0EonaFqnfUjz806T3Xv24OWou9qHDEikX/l8=","cRV025hcX0DoPWPf/hZBUYl1d+pqZ9k4x/CDUjssyFw=","F9ZUUClH3LUMHxLuZNvAqk5NmB1oO7cdNeTjZUSBrXs=","yeno3AW7QDeu3AHPrCQhbAqpevftNOmfZzptkY4kRt0=","n/qXosJbF8hx7RqS1HAuG0cM9onlNYiLrEy390ceK8Q=","uJwUQVMs3AF3aa1ZmgSqfWBjsq8IEnYkzyhFW7o6pqA=","2toCHLWn8qYswsFSYVLNgGIvGKOGpFhxIG1HjTTLWrM=","APoxDQFGNIjxWUJXxwijKcKiPOGwKaqJKHiVx4KHl3U=","iYxQ/4INduCYeGRqMAcWWtvs1GrzV8kzdz2WqAkl7Hg=","abAdnwE6J+FpZHf19PHlwzPIbY5Ui76v5GWBVrbNo8M=","6qMQSwz+XKKMeMN4Al5t3JkzPPkTWnP835GMkeEKK+Y=","KyIBIoUXNGDapX6yNiNWccJY88gqSLopqd0KWyWsmOM=","psqgjoduwV4c3B6TQNKTEt6i7IFq45PNbFhjXxP6Ma8=","BLYYNro7tvoeodlv4UGgnyo6SrRKIhwMAk4ckYDYUIc=","heZ92vfij2sl6AjCBmfrGTGSAR8j9riEWeYGYdTsLUw=","Csee6QxM5z/c0JWClaPDNKXuzGUzOLrVb1cQ/dsom9Y=","u3eojVxsooKBkz8X8S7q9FkeQcIfUzLDOrf7vrazJK0=","m/MkySMpL7tLyLwjhKRpOoiZ+1Nak5GQQVKWWI87xS4=","nZfyIadNfqNuHo4RBp+qJKxHgqQpptr4jx3efPwd+fI=","Bh4v/V9IZ0OxbrXFzTTICfxqT4+UMLU3zZNl7b51eoY=","ekIe8YQ8QYiYvC1Ae0B+Y93NkMhhR6EB6E1s1jwLbXs=","BECVFe/qjWB6gTydDbfr4a8C3Rrana7vS6Eqmn9K2xM=","ve/Hz2n/E8uJpYSsTnQnNS957aw8zYm4+urddwSZo28=","ty7sRPubYPQqxyMDVgRGTZoAPUozxPO8hUeGk+MmIoU=","Bn63IJI/e7dD0NKE422s+EgFv7X0ithZLLDWA7a2UmE=","RyjA7GteRbJ5rGOpTM8cz6iu5O3u2pRgBL+qJ3aRXqo=","Xz4sZTfVwjuxbm4iyIcndahp3Tss/7B+onFpE+AvumA=","pr759SW99ZxoHLmU4J9LBI2XAgp5zBlxq4seUMnoOuA=","f0Js7pSHjhYhSUa/4kEkLeB1rHjeADnOT9FeAYrVgbs=","emjZeMjyXArty8NFNwIc9zF7B8lzbB4AvznWrs7oi6c=","2vEIwe5oS+RpbTxZsX4zsTXZB/XrF4YDeIGTy/u3t+M=","/1XFBbXfP+hwFyAJK9cSZw4D2rC2HTHFVZ++SLG8UaA=","nd/wYdSDNRGRM5d+Wfoxq1e0M2o6uatptMdJDAbIoqo=","p4fuqvh6dQWR+wQT8/hvMqPKmi3dsGhgCN+34AL0Fb8=","yKSF8nsMNzoofozm4gcgYAuDHUBCKOKiI7ggrSekPoo=","XJ/KpClC18MTAlKqLGcbiinjbYIqirJ0UVq/+YYZB1s=","xFoTaxLKbxMa8RUKpeVZyIrpCyTZvkSgSOH+nrGNg6M=","42FwMC1us38vQKVkXDdIjOh1QCL6BuoJ0dQr0uaU1lU=","5rUkcGegG7Rl3+3U1JxRANz6rDzp3CpKEJaeOHnVyE8=","i2/Z+VF1uAe7uRrhWnJ1cMMVRvd97/IIXOWarUeHX0w=","uz/E+anGvQiCGpFalYn5vfoK+RyxY13fgg3FIEpgElY=","O+3JBXbcVL5NKzal6Sy9xW0kpbC3FxBDcZmBG6KcFwg=","HajkHV2COQr1F3o2XWVC/8RvulujobQEcFiWuTEU2Ek=","l81rAk44O5BADwM4R+2wIvZ4guZtKDeyKkh4ArG/pYI=","Anrutj9k0cjVRBPATr/Lge4Z5moa25WVlfLfR1hEgsk=","Aqs0UoGJAk/OpT0mVSZVunyrQVo90zYZMwf+ztkhGfE=","obNQMrTymAgfgGAUIs1ABFmjoc9v6tY4Wr49XZdp6dA=","ANePiT1pkpFcVK4Sx7H8E8q4Q1TJc+I6w4VXdKx77Og=","A6o+03Bo5msyFCYCm5IXtg3qWSagOvyglpCXzRoizdI=","sJVCLz2LLP8BXzxK1KT/4mEiWeovFAsbiINA4zsVAtg=","oyfUlezS2X7FScra8ZF1ODrktlm7pwZ/VBEr3NNyxfY=","ZeZM3ijJ6jXM/2SZZosGJvq/lvPeNCcbYWyAzhcRKWI=","068nMdWPCFz+/ZdlIJBoIuHsQos2BHWE02Wtkd3sMOQ=","BJ25NT6kWQJDFoKIFPB9zAUq//l8KXhNwRWE8DcmWSU=","y4a6cLIqvsQNlDmAQ2dRh3eHtaCmijNDWw86XljfYgo=","8vIgzgfQt/BzPcK3no71Lm0XBKyjrX+LXwzL/tQmQd8=","GoBsMhLE1tYBMjLBvD6uxvztr3btqE3Byn5lcHEnGXo=","KalcbTBuJVOiEOY9tiv4AQECW6bcGRSoqVFMhKFjiEo=","vDShIbMj4OBHlftyvGgW4c8lddLycxhEToyu12pL8xA=","Mn2Pqfj0aZtpwCPIwuaFmBu4EfPsn2vL1/JM8SC7Nig=","Vo5/wSrBo7JlJ+RQGYsaqxTYsqYOSlBf0d9JWM7PkTY=","8IYC5aPpwv/u9hy24UH/oCP5jXIOoxoNb+Yr4ZQhBjs=","R25D7L+8kUbcOb67Crk31L1j2ywZj1V4K8qCTIdVbig=","bfrUbjwUw7wA4rEgg1OfJVeNCheziSoEpB4RHhCp0PI=","QNOBKuMJRHs+NJVVoIFkKARQ0EOD6Y7QHH5QTTPwehc=","TgHpx0peASsYT7BnOeIdDUwTHvdeBD6RmutsqPjqZJo=","3iOM8d7dq10uaUK2XkBGUgRtbg7I6Bd5Q6JwZgl0azQ=","YNXa5/wvQtO0BtBOoy8lZWYITswXRp3BztW9NOYSrOE=","M+bq3TdIUyw64Dm7+mOj7CG/uB8tAKte+VXi4zvx8qI=","eTqcfU+ySQ/Kvs1n+FI38bdFIwNAlmhdEVptP5Nzex8=","uX41gYl6yCQ+p0Uj9W92tyARrudrOFReJu/ZAq93LwI=","7RB3VcH1sxWLPXdi5BDFaVzCEAPEGSt7fxZflo8zlLc=","WhVt4Ubmt/MwZgMUnTtw3EjYWDBnXrHCVQeoB7vYURw=","aGQBVTXvgkWXJAbckyw7EdIJXGOtT5qSD8Cyt3kaneM=","YNsqemsiWvGU08AcTxE4QGwwISek/UYeqweDTR8jfy4=","W1CU6IhwGWq/bS1a9Uhh3N9Y4igeVMCrcksmp2Get4U=","7O+FEuWN6ZyXw8Iiop8/GcxiuQ0OKS+2JCnYVRZHmi0=","dXXkbr2kawDxUi4m8TZupr1zFdPvTpfMpQfTAzLQZfU=","Nj6YhuPCPSVQm1R8zcgtx/9PNo64uIH7MNGZKj7zGtU=","aGU6El5bVrpB+VR7fYq7BuRQEFRKpBqqKqy94gPCdq8=","IjJnT17mdQYbFBaBXrVnU4iqQkAdaKyX6o9pjWsVf8M=","7DKjRIZihCI0rNWvgXSruR8MRooa9WjTZGSND5OFww4=","zwnwANqlI1ASYaqgzunIALzfaKHym0ChnMVwqpeD+fU=","lqBg4s30hNQEd3VXV/qDyUcoGtXHChVKV6TTYZVgFJ0=","2K0kzuFT26L6gYO1xMZ/P416tzNQQGO9hZp4g/0M0Qk=","b5HchKioB+MmrJBW/KVT15XNruGFaxJDWfIbcY6adZQ=","7MgS/5OU9do0IFnGYnie66k9C6wv7c6SvI8DCZH7No8=","5PMPYz4SnLGhD+UTV5mtGVY6gvkk+xaK7QiuDlXgQ8A=","Y2Mi/xEmMdGtADjjJ7JfJzoPxyVuvG1/tI4rvth+Yg8=","aIx7QFih+k67CeJ57jQ5YCkGVj8sKKenBVYZRqyLJGU=","2CFmr4dPg7MEaZNBxCwCfk+ZP5zpNrp6+1Ii7j6gE2A=","zspZxruEOKcL7O4mkRu8FUN5mAasz8sEmOyYjElLd/I=","+4k9jdfh2N2LjCiqRosW8NUmr616gP7aFMK7Z+pkoKI=","bXKyhInWRPyMOfxZC/q2uRExWbpZx/PlbXc4fXG01l8=","9ekTkdowP2YVRcEHuiA1l++bLzGJPwQXUpu5KLSLyZM=","hjGhGuMKYhxDk1MP1kL8mQ3BGpFlH/tbOMR382xxSgo=","Ekt5rip5if0ciwCnEq1xuoThJjDovTRrFt3MP6CTneo=","b3lxSFecChlcQnB4Iuc5M5LPYIETTtVA3T/2xHbMTMA=","Ro/8UqzueuSuCPp86mow1hXVPJO7FFj8CT+sJXZXHxk=","zAkJDkUNXOhGsxQb7Jx428sm93GMWX1+uT4rZrngaGE=","B8r2JjtxbVc1bLYgf8CNmv+DwLNqDt13fBRxMAyJdq0=","5F0niMOcY7VoqNkX6iNWeeQoy/dhuzS3TDqF4deUAPg=","ZPvVpSkmfqz+SHZmTsFdl8zt+EZKn0MP1e1VnXDGJe8=","+vJmg0OrdgwcdSbArYVfXHJaAbFCv01d4lI8NFpL61w=","/LSuPQWkH3ZseqV9W7if9yfHVBr+k+02t0yq6zXhmGc=","8x+wiFQHdwoX1nWZbE6Q3CwgPPMQpqNrdcBgirihWYE=","Gn32u6xRsmms3YihHYcllcdr9pCse46cpKdEcFvvxSk=","dR3Hxp2L/79QGEp9GIqY7ZYGHpznbDG//sTij4drqgY=","dxwcLHvanBGJUpQbBYQwB4as7m5b4XEXOPVs9449Kds=","JJNMxCHleUzzOFx0col9zoN3xLLw7AAQTlz/F6eQAcE=","T0dOiUIk+yIVURCypLg7JwUfRt4ydX0Ybz/q2Ly6aMs=","KOrmb+SH3VmXzTfqPO0s/G9pLtLBbYwKIZUyAtjPCoE=","I54gtx6XqV2GS/RGtOWj3EdZhzYjefJptcvTpqEUw0k=","599grqASaOvBEv0Z3wrRkA9uEGBhzBEIC4c8HHzqovk=","SIU+O5i2YEsrae/TsfmiapkgDtcbT9cT3OPB0QpMFXE=","HhHoh7dMRg0eBQ+ZRCctpwvJV0YiNKFtE+qMvRE5NiQ=","UA+5qgh+L78TSK2yMZXW28n0F31mcnY6JAS0+t/51ag=","AyTPQKWOrtvNjYuAm5nNwjBJyNkXG8YN9Nm3lRso6bc=","WFMaI2d1/oAuWhblxPuBfzCe0cHt/nwztqy7cb3F1WA=","aPlnrf3iJI6YDki34aznIc04DfT833LgI6Os32Zwydo=","U59LwI4X+yy2pNyo5YE2wjaAUEYdP0npbkZzuZqGBV4=","Di+8fJMuQW1qmqMfG+Dp9LvGJ9pw5DA4tjUQ4s2DJRk=","dBKz1tmCwCdISd6xoGFlGl4icHx5OibnWIzdlxORZpw=","ch6qq2leHFIsOejwDJNAwptAjyw1vkTDRwmH78Vvtcw=","pe5Serd1LAidNmwWSY4qKsBBHThksCKXGS2J28VtV74=","PtJ/c5sX4l+FGIFgTfBULcypo5LQT0d/W6hcMo0YzuI=","EA5xvu2988QyO8y3AXpB3datdUXeCjmTGoaJPaURpfc=","QJx652NZAUW00+gxNxXOMX83uNYDaevA88KhDGGG6Z8=","oXeLTaygHC8ynPL5OC2L25WuXWkIQ3vwUyAg/UC1Geo=","YgVvCJiwjxjxiw3lKj+fLmOB07i5X9xBEL2dJLdfYqA=","p7wn5FLFUlPl7+BCTSEdCqrlAc0KLkrTqTjk3Qr7RAQ=","X12CGyg+xUd8n5icx6tcHeWBef196m/tUbqRTNJI+5o=","axfjLrHL44wK6B/6pKxgtKisD32k3jD4H9IGPim7O+g=","k1nbZ0fdJEghxiOL0mfh8yN9zbAP0HKNS7uTH+j6QD8=","14XedXrc3hE506oNBbP2ciMxgcLlCyr5xcI9+5BTrso=","XApMYy2GLtydk8/3MkDpazOngbxv48m3lYX6YV54FdQ=","jLRLmTAdCZmlsuCWAcPZc3e/CHL0hMIDCUFVOgnk590=","YYSNr4NmUpbHbfzNLb/WHQWtGfPobMTu5eCCdgmebAE=","H9YTBKsBdXrPgD/Jpg3NQMJ2aTJJpkL+CDmfFRrAJsA=","gcBkamgtSQGk7+GZMYSMN81xyS0LCfdck2wP+pE5bRw=","yFazt8exRI5cnH2IFiBtQlNnRlYv9MDNWNmJu6x2vgA=","cwHxDb6J+LtkjXl9ERz4mKt0X0ywXkgttAorP6oZw+g=","fOdjsJZeqjegbGFdWQ6H08FipQRVz/rguP0S7c/T0bU=","PoIv5SNJQeAlHQjrvLpJF7C+4A4tTphYevDBpkFmnS0=","tsly07uuDt+iP52FLcPLPsAaTTeSAszpJggWvD9x7Bc=","kWpVMTYHQh/tEAq7QvcOrVRM4kKDoBa5++Vx3CzyMrg=","cNuRTR94h3PpN5T+9smUCHuVc69/zr3eQKWiujWnk5A=","CUnK5W+sowZ6rnOpe70lFyV1c31azohCite0bns/cXk=","Gos3pQQZo+NoM+aycVCI9uw5JJ18RcfGgq3B2zmJq1M=","07d21PL/8sQGOpkjqXfxGhjIkU8GojIakopTEQr6YJ4=","Y6ZMFQH8Sl8IsGovWtggj+trxoG25RcD5VC+P3bPK1g=","xeHPeQ7BAnS/cTA2VNe0TFwBfMva510z9Mp7uoCQD/Q=","uK7mPRrjwZVJg+OsePQySSzJHShp7jhgkAKTulznLvU=","t0LYhCBr36Qp+xONg0WMXHWIMFQSb57Nwj0ON8lBxXk=","Qx3Xv1PreKqZKp+opcNfUkWNVODdmY/Ahluas52KAy4=","VhbahPYzKnD/EY+L+GtVSTC/Cpl66vi080GRpy4SHXQ=","qmAKMTysbvy/FJOiDb36ria3M93cKzh5FMUb/q8tVWc=","kJdstBZW3pTRIsrdG5ELny5PF+PshVn0gEqyur+GeoY=","vY2RtK9R12RHQfHzssWFqk0BJaGX1UBypaXIPO/wubc=","PXVYEvHrfqoCwlXKz8Em5zfQOSEWmb6Qimaybyj2ozw=","oxWdklN2FIR92q7jMEkWzhC070gLPI5xHK16x7BV82Q=","xOHlFsUkkbFkW1I5j/aS8w6t1HTByWfR/0RjU/dZYJY=","hZtGhuDuXNaJYJuzhORKqlRsT42pknpj5UxMG5lmhjw=","7rSpQoFqCf863x0hOyY1XBwdyf5r4G6svYoRKkwOnWw=","QgiZA6W9ObSNyjs5n2ADv1qUtu5eoLbabep5j9V9afg=","gT9Xzap6qZWXjMrDL+ZKA5rxXr7Pu2/nbYrq0npCZ6g=","stJQJOIppWvPfhNiX4Izl6tHrjkXjPs+ZeUb4yj5seY=","sJV3NCKt7YBvuqa9NvIQl39qHVWjQL2ZC9n6n+Lah0w=","HPymdkoDiEEei83K6Amt/zLnZ3ZCdsd3jGlhcbmsP44=","iLhTHz2IsGO4kfpN6z5hx1uiixiMd5haRFhlsdgmJMI=","mKWfZFjvUi56zogsMnxwPoo3F/OsoLmUto1B+PIzYuw=","NM4KeF53RC36KXgDkQj3L+D4ijlJDwys/8snuxuC5oI=","nsA0kdRsySkaiuYnlwx7iA+2SZzDurrsLvrZ4BpSsVw=","VsTkWA/f7etGCqxbJ1tL7WDTbGOgr8EY0RiNmJBED64=","z1WnmH5YgseIfdE88sM6O9GYzIMHju5X9+Ky3yX6uHI=","bzJ7pmOQrj8CXoVG1BxL9vFIzFL7y+3gsgE3wTVc2FI=","F/KzQnDqjHEaGq//a2VV8VX+7S4OKXwsU3T43e5oGtg=","crx2KrDw4mAeeyjMOzPuvt5JZYK5kElgD+VnpuW+Z3k=","UtIC1IwaEUAmR2DcSsok2uuzy9jbR6AoUlZE0gdSW7c=","59oUA1PVEx75vT3Xb8otqQEEoITB7n2V7JA4aeIvE7I=","ufkqyX/yunnwwQoNvpwNu5eTqSyhU9AUtdiHbDLmKjY=","1pHT+oTR2mAdYAP1vYRbDA71b4qbi8JjD8A8Z+uOghk=","5gzUh9EtYVWOadsNuwA6Zj9BK5geoPUVnxTe+aUvj0o=","r/hZySdxCiH7FYXSIAD8AmACw6wmX7hrKCduvslpx7c=","M3Cg2PCELuey+N2o/VTZU97d1d+81Lve7PXHkuzPn/8=","c8c030YSWU4o/hurEQvrFlhi52L8rZismT7CDMvFWGY=","ZbzbwAd69zFywaVvtk1QtmLxp8dU8CQ8xBjQLlYqK5M=","YvsrOo4qKTbrSviUIshJ8u54KYtwAIAQoQR+HRtzvlM=","Tv19NAvDd+4ZcvnszatUWPmprrU+29yPd/VmvpwUw8U=","bqvizjhfqyKXUITV8GyFOKM55/dUCTVXAXK/x23hRxE=","O7yMKdXEOd4fWX9IgHXzALPxoQVeLh7KOkBjrNzMZw8="],"block_size":4096,"path":"main.js"},{"block_hashes":["3Cq7YRLOFzkpkpj4fQ7e/UZps7tVNPmi4J8gZHfPOcs=","YwRBxnNYMUhpolyQUrUyGR0n+Q7IH9UHBvkNeqm+Bag=","RUg51jpFCnwZMbZ6NYs7hyba0R02snN3r2lw2WZpp88=","Zt+JsGcntiQVvO+X0nhsWfJWI1FcMY2NrIcXgMBIBEk=","O86nRzK0D21m/j2TSVykSVtAfbw4Wzwdr4C/odCzM3E=","eDSmsAWZA8wEudSIfCyprcMDC6bMTNF2k2WNW2+9O7s=","8OjIlXjZvnLyCxAz3tj/Wu3eDoDh5+5Cw96auCbHCRs=","dCD501CaS8sxbChDzwfEzek2wWKca3LNFhRDwdjH/zk=","a6Tr0v0nxtdhGzh/h6q2cvjewDcwI7ZG/ymKi01iXCc=","tQRNyan5Q2seujfnb+ILi2l54bV249d2SvT9bxNcWk8=","nKINeDtf1vtPCHIuVnibonaX17CNN5zhRhG0Fm7H68M=","68eGWIhNTIEnjyXcJmOUan9sU5nyQdY1B4OQhLLw5Zw=","dpHutrT05URVyNxXtAHrs+QNw+DIqXm6/0qrHrw3Jm8=","YRtzN7gpeIH8+uisgyBgBhsbDQOPqu/YsxTH5F2NKw0=","O5RTedNOeEriYUmb++xclDX237EH9HPKifSRlOaspEM=","mQFnATeBuvjyJHud8Heoof0IYdctGV+AFBkS6L9lb8o=","RqHrTg4ZxFZaFXq3v8KvI8x1xrmfx4Q5mBtVwdInU4c="],"block_size":4096,"path":"polyfills.js"},{"block_hashes":["iBOn1x/vVVym2Sri9Qg5wvJJ6kTxGVqxGmcI+kAfZho="],"block_size":4096,"path":"runtime.js"},{"block_hashes":["XnPAvwkQ+WJq3fQH6lOCj1NATIQLLJnE4D++t6B63eM=","ihdMKoZaQrOce0oz3SCNlDim0K8AvKwwZfvXRS/GH1w=","7AnfRaGlwpQL3BrOd5WxFOaucIWRXeTjlea7rU6fk88=","VIlgwSSmhrO12tvjKqoC8AF2zbZKnJyBAylo4yATci0=","m1Z6P9LP7Zh2ifYfFOknuOUAT5uj2Dj8F0Lx/YAETuc=","xy8IOKpkP33ZRH3UEZ17lzZBiWBPADkPpzS3wYI6e3A=","RQZvQE8KlYfnj4yPKMbQYG2ZtVHh1rRsHmUssqIJxQE=","1+SavKWM9U5Ev8eafzWW18vdlgpNkc3sTG/xXDgFzFA=","By65BNKjD9HM/lRt53pTMFO3eiYcX4O+LPrXEdVjShs=","39aRk6chRFxiehrjWAyHlZltlxRdjLG1fkCBMLKypH0=","yoJB3oaOd6z0JGyqHA0mBccrvxv2X7sxa7rw0dMfrLI=","zr5uM4+KEkviTlUKj5fNKkF7NGQYUaT0SL88Q0PX9Og=","YAauQVi22wJPJ4o6hLlfmxUiavSwfTzb9F5c6ldNRyc=","A2x0t0s46BBqrHBljIA8YmqZtNxOdJKFfxXvIIobYLM=","FKRCO3It2yDgKD4LhZwI+Pt869aN3YGwFW9z0QxlTho=","SKrel0maysU2t/S8FY4lfs9ZoZG40zkaf8zPqZ5SHyM=","+jJy+H1s+1pP5PIG3MBwqttXOrFZmBO3r5IIoj4vwUo=","pJK/byhdKhghFAQQlaCDopez6NEK0P96P+qZwsO75Yk=","94X0TEiebd4pK4R1HsYVxnOQA2R9+BR4snFUDkxD4Y8=","2zXGajiPnIwiV358Hc1AaabwAd6ErLiDK2MtbvML12Y="],"block_size":4096,"path":"styles.js"}],"version":2}